,TotalFinishedArea,TotalAppraisedValue
0,3666.0,151600.0
1,1760.0,135600.0
2,447.0,39200.0
3,986.0,118300.0
4,898.0,60100.0
5,3464.00001,182200.0
6,329.0,30800.0
7,3506.0,185800.0
8,3915.0,183700.0
9,496.0,40200.0
10,964.0,37700.0
11,12916.0,402300.0
12,1050.00001,107600.0
13,835.0,33800.0
14,582.0,48100.0
15,459.0,38500.0
16,418.0,32100.0
17,477.0,38700.0
18,1702.0,122700.0
19,470.0,41100.0
20,2142.0,157800.0
21,447.0,39200.0
23,2142.0,157800.0
24,6036.0,221600.0
25,583.0,47600.0
26,639.0,52000.0
27,808.0,58800.0
28,450.0,34700.0
29,2415.20001,141600.0
30,1010.0,38200.0
32,477.0,38700.0
33,3309.5,149900.0
34,552.0,45700.0
35,835.0,33800.0
36,835.0,33800.0
37,541.0,49200.0
39,2386.0,189500.0
41,1112.0,156600.0
42,662.0,61900.0
43,3000.0,159600.0
45,658.0,54100.0
46,3900.0,147700.0
47,3660.0,197400.0
48,912.0,44400.0
49,1555.0,107300.0
50,3652.5,496000.0
51,490.0,40800.0
52,2415.20001,141600.0
53,545.0,43900.0
54,1074.0,124900.0
55,282.0,26700.0
56,548.0,45400.0
57,430.0,37800.0
58,682.0,55400.0
59,1241.5,145900.0
60,545.0,43900.0
61,2247.0,128400.0
62,3150.0,165600.0
63,578.0,43700.0
64,3402.0,160800.0
65,5982.0,197000.0
66,510.0,42400.0
67,1555.0,107300.0
68,2208.0,349500.0
69,3510.0,142200.0
70,1266.0,55100.0
71,3652.5,496000.0
72,1780.0,119200.0
73,3988.77,514600.0
74,457.0,35200.0
75,1620.0,135000.0
76,7238.0,215000.0
77,1496.0,144100.0
78,351.0,32700.0
79,5376.0,207900.0
80,2748.0,132400.0
81,349.0,32600.0
82,477.0,38700.0
83,4023.0,133200.0
84,582.0,48100.0
85,557.0,42200.0
86,1620.0,135000.0
87,2706.0,84600.0
89,3738.0,213100.0
90,1555.0,107300.0
91,541.0,49200.0
92,554.0,50300.0
93,1186.0,146400.0
94,452.0,34800.0
95,583.0,47600.0
96,3435.0,175500.0
97,1607.0,148400.0
98,3744.0,139400.0
99,496.0,40200.0
100,535.0,43800.0
101,567.0,46900.0
102,1469.55001,148000.0
104,1602.0,149100.0
105,3416.5,163700.0
106,477.0,41700.0
107,657.0,56600.0
108,582.0,44000.0
109,447.0,39200.0
110,2161.0,120300.0
111,588.0,44400.0
112,4023.0,133200.0
113,1048.0,121800.0
114,1976.0,295600.0
115,665.0,54800.0
116,2870.4000100000003,153700.0
117,1050.00001,117700.0
118,2386.0,189500.0
119,5940.0,243900.0
120,3402.0,160800.0
121,1008.00001,105200.0
122,3888.0,162700.0
123,4291.0,324000.0
124,459.0,38500.0
125,3324.0,178700.0
126,1560.0,127100.0
127,1186.0,146400.0
128,3324.0,178700.0
129,683.0,61500.0
130,1620.00001,131000.0
131,3054.0,221400.0
132,430.0,37800.0
133,2560.0,178900.0
134,3736.75,108100.0
135,452.0,39700.0
136,3726.0,190700.0
137,564.0,42700.0
138,3600.0,163300.0
139,1120.0,148700.0
140,477.0,38700.0
141,3741.0,227500.0
142,588.0,44400.0
143,3600.0,163300.0
144,582.0,48100.0
145,2947.5,146200.0
146,789.0,58800.0
147,14512.0,477800.0
148,564.0,42700.0
149,20496.0,645000.0
151,463.0,40600.0
152,1161.0,141000.0
153,4248.0,324700.0
154,450.0,34700.0
155,913.0,56200.0
156,917.0,56200.0
157,6647.40001,185300.0
158,5373.4,500000.0
159,5373.4,500000.0
160,1242.0,50200.0
161,1043.0,127500.0
162,3197.0,157600.0
163,2250.5,150700.0
164,1056.0,147300.0
165,5376.0,207900.0
166,578.0,43700.0
167,361.0,33600.0
168,3141.00001,486100.0
169,582.0,48100.0
170,1167.25,120400.0
171,553.0,45800.0
172,2912.0,200200.0
173,519.0,43100.0
174,1050.00001,117700.0
175,1996.0,111300.0
176,600.0,22400.0
177,545.0,43900.0
178,768.0,120300.0
179,520.0,47400.0
180,2112.00001,145100.0
181,1086.0,126400.0
182,469.0,41100.0
183,574.0,20400.0
184,1298.0,111800.0
185,2484.0,186400.0
186,496.0,40200.0
187,1260.0,145200.0
188,456.0,35100.0
189,925.0,60800.0
190,3420.80001,166900.0
191,1780.0,119200.0
192,1560.0,127100.0
193,459.0,38500.0
194,313.0,29400.0
195,573.0,46800.0
196,10587.0,564100.0
197,1245.0,162600.0
198,1008.00001,105200.0
199,662.0,61900.0
200,482.0,40200.0
201,20496.0,645000.0
202,1408.0,124300.0
203,3900.0,140200.0
204,657.0,53400.0
205,459.0,38500.0
206,519.0,43100.0
207,2870.4000100000003,153700.0
208,2160.0,155200.0
209,536.0,43900.0
210,1531.75,155600.0
211,3132.0,209400.0
212,539.0,44800.0
213,577.0,43600.0
214,564.0,42700.0
215,4056.0,147100.0
216,450.0,34700.0
217,1561.0,140200.0
218,550.0,45600.0
219,1144.40001,115600.0
220,463.0,40600.0
221,3900.0,147700.0
222,4162.0,90600.0
223,510.0,42400.0
224,600.0,37200.0
225,684.0,61600.0
227,3585.0,193300.0
228,1032.0,130000.0
229,418.0,32100.0
230,5982.0,197000.0
231,2530.0,145700.0
232,2254.0,139000.0
233,588.0,44400.0
234,628.0,47300.0
235,10206.0,295500.0
236,3867.5,158600.0
237,1144.0,85700.0
238,476.0,38600.0
239,3534.0,134700.0
240,3250.0,360300.0
241,2530.0,145700.0
243,6127.0,184700.0
244,2457.5,116800.0
245,411.0,31600.0
246,1882.0,137900.0
247,1810.0,159900.0
248,3120.0,180600.0
249,2160.0,155200.0
250,489.0,42700.0
251,2254.0,139000.0
252,2760.00001,171000.0
253,489.0,42700.0
254,5096.0,210900.0
255,3132.0,178200.0
256,10464.0,337300.0
257,662.0,61900.0
258,3786.0,149700.0
259,1450.0,63100.0
260,1015.0,114700.0
261,477.0,41700.0
262,4050.0,32400.0
263,550.0,45600.0
264,695.0,62500.0
265,469.0,41100.0
266,18897.0,744900.0
267,2962.5,155000.0
268,1167.25,120400.0
269,3406.0,354100.0
270,5742.0,177800.0
271,548.0,45400.0
272,2748.0,132400.0
273,647.0,52600.0
274,2244.0,123600.0
275,3120.0,180600.0
276,4797.25,280000.0
277,3315.0,171200.0
278,2520.00001,204600.0
279,582.0,48100.0
280,1350.0,132600.0
281,794.0,195000.0
282,2197.5,148500.0
283,1167.25,120400.0
284,1882.0,137900.0
285,8532.0,357200.0
286,1404.0,141900.0
287,2079.60001,139300.0
288,411.0,31600.0
289,3762.0,198200.0
290,3141.00001,486100.0
291,396.0,32900.0
292,5742.0,177800.0
293,3762.0,198200.0
294,2213.0,250900.0
295,453.0,34900.0
297,387.0,35800.0
298,2154.0,181800.0
299,820.0,87400.0
300,476.0,38600.0
302,552.0,45700.0
303,548.0,41500.0
304,4377.0,184700.0
305,470.0,41100.0
306,3789.5,150500.0
307,4032.0,173700.0
308,1350.0,132600.0
309,3616.5,155100.0
310,3636.0,185900.0
311,3288.00001,407900.0
312,674.0,60700.0
314,1260.0,145200.0
316,5049.0,211700.0
317,527.0,43200.0
318,436.0,36100.0
319,3288.00001,407900.0
320,3582.0,62000.0
321,975.0,122900.0
322,2564.80001,251000.0
323,1815.0,145200.0
324,318.0,26800.0
325,2885.0,199000.0
326,548.0,41500.0
327,546.0,41400.0
328,3800.0,151400.0
329,1515.25,152400.0
330,2492.0,158600.0
331,3253.80001,349900.0
332,1350.0,132600.0
333,550.0,45600.0
334,1242.0,50200.0
335,648.0,53500.0
336,433.0,38100.0
337,1350.0,132600.0
338,1350.0,132600.0
339,450.0,34700.0
340,578.0,43700.0
342,908.0,56100.0
343,1048.0,121800.0
344,1144.0,85700.0
345,600.0,37200.0
346,1260.0,145200.0
347,846.0,59600.0
348,2608.5,203000.0
349,1756.0,149100.0
351,1220.0,39400.0
353,1428.0,124700.0
354,3633.0,186000.0
355,1976.0,295600.0
356,2807.0,164300.0
357,477.0,38700.0
358,4104.0,171600.0
359,476.0,38600.0
360,628.0,47300.0
361,490.0,40800.0
362,2608.5,203000.0
363,665.0,54800.0
364,527.0,43200.0
365,1152.0,145400.0
366,665.0,54800.0
367,648.0,53500.0
368,452.0,37300.0
369,2348.0,143400.0
370,620.0,22000.0
371,964.0,37700.0
372,2732.0,214600.0
373,11360.0,1125300.0
374,1232.0,135200.0
375,482.0,40200.0
376,2161.0,120300.0
377,1492.0,127800.0
378,453.0,34900.0
379,3600.0,37100.0
380,4162.0,90600.0
381,477.0,38700.0
382,3272.5,161800.0
383,868.0,110300.0
384,1667.0,144600.0
385,490.0,40800.0
386,15738.0,590000.0
387,1760.0,135600.0
388,4135.0,211400.0
389,2436.0,163900.0
390,1392.0,111500.0
391,593.0,44800.0
392,496.0,40200.0
393,582.0,44000.0
394,1260.0,145200.0
395,3375.0,171500.0
396,582.0,48100.0
397,452.0,34800.0
398,2962.5,155000.0
399,548.0,41500.0
400,447.0,39200.0
401,3880.25,172100.0
402,3336.0,174500.0
403,628.0,47300.0
404,482.0,40200.0
405,665.0,54800.0
406,477.0,41700.0
407,2857.60001,181700.0
408,3136.80001,137700.0
409,3661.5,154000.0
410,528.0,48100.0
411,7416.0,200500.0
412,469.0,41100.0
414,3120.0,189500.0
415,545.0,43900.0
416,621.0,23200.0
417,8454.0,369100.0
418,567.0,46900.0
419,7980.31,270700.0
420,2222.5,111300.0
421,454.0,35000.0
422,628.0,47300.0
423,9348.0,189104.0
424,3982.0,179800.0
425,3375.0,171500.0
426,402.0,37100.0
427,3666.0,174300.0
428,510.0,42400.0
429,851.0,75600.0
430,3660.0,197400.0
431,1068.0,131100.0
432,684.0,61600.0
433,975.0,122900.0
434,546.0,41400.0
435,546.0,41400.0
436,553.0,45800.0
437,1272.0,120600.0
438,2356.0,191900.0
439,601.0,54000.0
441,3633.0,186000.0
442,7238.0,215000.0
443,539.0,44800.0
444,5096.0,210900.0
445,681.0,24000.0
446,18897.0,744900.0
447,1386.0,93300.0
448,489.0,42700.0
450,511.0,42600.0
451,1098.0,316300.0
452,4165.0,212500.0
453,454.0,35000.0
454,553.0,45800.0
455,690.0,48800.0
456,1010.0,38200.0
457,2375.0,114600.0
458,500.0,41100.0
459,1789.0,129300.0
460,12916.0,402300.0
461,2906.0,232300.0
463,2438.0,309800.0
464,3600.0,163300.0
465,456.0,35100.0
466,9704.0,427300.0
467,411.0,31600.0
468,665.0,54800.0
469,5916.0,202600.0
470,6384.0,221600.0
471,11052.0,372100.0
473,452.0,39700.0
474,3328.80001,452600.0
475,573.0,46800.0
476,3982.0,179800.0
477,548.0,45400.0
478,12771.0,750000.0
479,772.0,68700.0
480,1050.0,38500.0
481,4290.0,508800.0
482,4216.0,230800.0
484,402.0,37100.0
485,2760.0,143500.0
486,546.0,41400.0
487,9861.0,367100.0
488,459.0,38500.0
489,552.0,45700.0
490,567.0,46900.0
491,2865.60001,198400.0
492,476.0,38600.0
493,6384.0,221600.0
495,2844.0,126400.0
496,2064.0,122600.0
497,477.0,38700.0
498,362.0,33700.0
499,1245.0,162600.0
500,1536.0,146200.0
501,3741.0,227500.0
502,1343.0,148600.0
503,1470.0,141800.0
504,2161.0,120300.0
505,676.0,25200.0
506,9861.0,367100.0
507,447.0,39200.0
509,3402.0,160800.0
510,519.0,43100.0
511,9348.0,189104.0
512,1050.0,38500.0
513,582.0,44000.0
514,477.0,38700.0
515,1344.0,142000.0
516,1272.0,120600.0
517,511.0,42600.0
518,454.0,35000.0
519,10464.0,337300.0
520,4050.0,32400.0
521,477.0,41700.0
522,600.0,37200.0
523,3900.0,140200.0
524,805.0,58700.0
525,2784.0,189800.0
526,457.0,35200.0
527,20496.0,645000.0
528,559.0,50800.0
529,433.0,38100.0
530,3420.80001,166900.0
531,3435.0,175500.0
532,772.0,69500.0
533,756.0,64300.0
534,2310.0,197800.0
535,452.0,39700.0
536,3272.5,161800.0
537,2700.0,155700.0
538,2520.0,143400.0
539,476.0,38600.0
540,593.0,44800.0
541,511.0,42600.0
542,2906.0,232300.0
543,578.0,18700.0
544,850.0,48000.0
545,1875.0,108900.0
546,345.0,32200.0
547,665.0,54800.0
548,477.0,41700.0
549,658.0,54100.0
550,1050.00001,117700.0
551,920.0,56300.0
552,345.0,32200.0
553,850.0,52800.0
554,907.0,27900.0
555,469.0,41100.0
556,4248.0,324700.0
557,2656.0,221700.0
558,2608.5,203000.0
559,593.0,44800.0
560,3880.25,172100.0
561,665.0,54800.0
562,639.0,52000.0
563,2774.0,197100.0
564,411.0,31600.0
565,1561.0,140200.0
566,430.0,37800.0
567,684.0,55500.0
568,695.0,40900.0
569,574.0,20400.0
570,3661.5,154000.0
571,3375.0,171500.0
572,648.0,53500.0
573,3762.0,220900.0
574,623.0,56300.0
575,2507.5,109700.0
576,2619.0,109400.0
577,7416.0,200500.0
578,4797.25,280000.0
579,3000.0,159600.0
580,620.0,22000.0
581,1789.0,129300.0
582,658.0,54100.0
583,2348.0,143400.0
584,433.0,38100.0
585,459.0,38500.0
586,3624.0,148300.0
587,20496.0,645000.0
588,1344.0,142000.0
589,2507.5,109700.0
590,2706.0,84600.0
591,4104.0,171600.0
592,1120.0,148700.0
593,3197.0,157600.0
594,469.0,41100.0
595,1521.0,129900.0
596,4162.0,90600.0
597,1875.0,108900.0
598,3104.0,321400.0
599,454.0,35000.0
600,1468.0,103400.0
601,2962.5,155000.0
602,539.0,44800.0
603,795.0,58600.0
604,3880.25,172100.0
605,582.0,48100.0
606,600.0,37200.0
607,3451.0,151400.0
608,418.0,32100.0
609,3780.0,157200.0
610,418.0,32100.0
611,695.0,40900.0
612,3666.0,151600.0
613,550.0,45600.0
614,1536.0,146200.0
615,3880.25,172100.0
616,869.0,84000.0
617,1504.0,132600.0
618,2161.0,120300.0
619,2760.0,174400.0
620,7836.0,322100.0
621,3080.0,150900.0
623,1335.0,109600.0
624,3900.0,140200.0
625,546.0,32900.0
626,4765.75,323200.0
627,496.0,40200.0
628,2205.0,149400.0
629,2870.4000100000003,153700.0
631,469.0,41100.0
632,476.0,38600.0
633,463.0,40600.0
634,3666.0,174300.0
635,665.0,54800.0
636,2656.0,221700.0
638,476.0,38600.0
639,3510.0,178600.0
640,447.0,39200.0
641,552.0,45200.0
642,665.0,54800.0
643,1513.25,138900.0
644,1115.0,48100.0
645,1115.0,48100.0
646,600.0,37200.0
647,5553.0,197000.0
649,600.0,37200.0
650,600.0,37200.0
651,600.0,37200.0
652,1115.0,48100.0
653,1608.0,125400.0
654,3645.0,150700.0
655,1115.0,48100.0
656,600.0,37200.0
657,3061.0,180600.0
658,600.0,37200.0
659,3645.0,150700.0
660,600.0,37200.0
661,600.0,37200.0
662,1115.0,48100.0
663,1115.0,48100.0
664,3645.0,150700.0
665,1115.0,48100.0
666,3269.75,90600.0
667,600.0,37200.0
668,1207.0,137400.0
669,1115.0,48100.0
670,1115.0,48100.0
671,1115.0,48100.0
672,1115.0,48100.0
673,1115.0,48100.0
674,900.0,125800.0
675,600.0,37200.0
676,1115.0,48100.0
677,600.0,37200.0
678,600.0,37200.0
679,600.0,37200.0
680,1115.0,48100.0
681,1513.25,138900.0
682,1115.0,48100.0
683,2530.0,159300.0
684,1115.0,48100.0
685,1115.0,48100.0
686,1115.0,48100.0
687,1115.0,48100.0
689,600.0,37200.0
690,600.0,37200.0
691,1115.0,48100.0
692,1115.0,48100.0
693,600.0,37200.0
694,1115.0,48100.0
695,910.0,80500.0
696,600.0,37200.0
697,1115.0,48100.0
698,1115.0,48100.0
699,600.0,37200.0
700,600.0,37200.0
701,600.0,37200.0
702,620.0,35200.0
703,631.0,35800.0
704,631.0,35800.0
705,543.0,31000.0
706,1168.6000099999999,105300.0
707,615.0,34900.0
708,617.0,35000.0
709,617.0,35000.0
710,615.0,34900.0
711,620.0,35200.0
712,2422.0,220500.0
713,620.0,35200.0
714,1187.0,101200.0
715,617.0,35000.0
716,799.0,40800.0
717,2488.00001,264500.0
718,239.0,14500.0
719,617.0,35000.0
720,620.0,35200.0
721,620.0,35200.0
722,239.0,14500.0
723,631.0,35800.0
724,620.0,35200.0
726,2725.29,151900.0
727,620.0,35200.0
728,2422.0,220500.0
729,543.0,31000.0
730,799.0,40800.0
731,620.0,35200.0
732,799.0,40800.0
733,620.0,35200.0
734,620.0,35200.0
735,543.0,31000.0
736,615.0,34900.0
737,631.0,35800.0
738,543.0,31000.0
739,617.0,35000.0
740,615.0,34900.0
741,799.0,40800.0
742,799.0,40800.0
743,543.0,31000.0
744,620.0,35200.0
745,631.0,35800.0
746,615.0,34900.0
747,620.0,35200.0
748,543.0,31000.0
749,615.0,34900.0
750,799.0,40800.0
751,239.0,14500.0
752,617.0,35000.0
753,631.0,35800.0
754,1843.2000100000002,171600.0
755,1303.0,144400.0
756,3870.0,216000.0
757,4075.5,224700.0
758,3888.0,154800.0
759,3888.0,154800.0
760,1222.0,132600.0
761,3870.0,216000.0
762,2794.0,211300.0
763,3870.0,216000.0
764,3888.0,154800.0
765,1168.0,89900.0
766,1714.0,158700.0
767,3870.0,216000.0
768,7915.0,78800.0
769,2542.5,139200.0
770,3429.0,147100.0
771,4537.5,181300.0
772,1825.60001,145000.0
773,4537.5,181300.0
774,2463.0,200900.0
777,3355.0,208300.0
778,2869.00001,175300.0
779,3196.0,164700.0
780,1192.0,126900.0
781,3090.0,168600.0
782,3090.0,168600.0
783,1650.0,218800.0
784,1192.0,126900.0
785,666.0,47200.0
786,943.0,110200.0
787,1376.0,131500.0
788,1870.0,185700.0
789,1376.0,131500.0
790,1192.0,126900.0
791,881.0,118200.0
792,1376.0,131500.0
793,3318.0,286500.0
794,1008.00001,101900.0
795,1300.0,104400.0
796,1088.0,127500.0
797,1330.0,127200.0
798,3856.0,181300.0
799,900.0,119100.0
800,1300.0,104400.0
801,3402.0,164400.0
802,5982.0,259600.0
803,884.0,36100.0
804,3604.0,239200.0
805,1200.0,94600.0
806,1330.0,127200.0
807,907.0,74000.0
808,3666.0,192600.0
809,1652.80001,132300.0
810,907.0,74000.0
811,1204.0,37700.0
812,1248.0,135800.0
813,1764.0000100000002,146900.0
814,900.0,119100.0
815,2782.0,144100.0
816,1714.0,158700.0
817,884.0,36100.0
818,1260.0,146800.0
819,1651.6000099999999,128800.0
820,5926.0,220400.0
821,3100.0,184600.0
822,695.0,40900.0
823,695.0,40900.0
824,1652.80001,132300.0
825,1218.0,144700.0
826,3402.0,164400.0
827,1204.0,37700.0
828,1566.0,132100.0
829,2390.0,138400.0
832,4038.0,203100.0
833,1280.0,132800.0
834,1552.0,141800.0
835,7215.0,259400.0
837,3666.0,97600.0
838,7215.0,259400.0
840,3786.5,417700.0
841,1552.0,141800.0
842,1698.0,135600.0
843,884.0,33500.0
844,1516.0,142700.0
845,1722.0,190300.0
846,1630.0,150100.0
847,3033.20001,183500.0
848,5952.0,178600.0
849,1457.0,176800.0
850,2508.0,126000.0
851,1872.0,162300.0
852,3666.0,97600.0
853,3510.0,196400.0
854,4042.5,209200.0
855,4042.5,209200.0
856,2576.0,153000.0
858,742.0,66400.0
861,734.0,65600.0
862,734.0,65600.0
863,4410.0,222900.0
864,6030.5,674100.0
865,7216.0,711000.0
866,3942.0,198700.0
867,676.0,25200.0
868,856.0,12000.0
869,856.0,12000.0
870,553.0,34700.0
871,553.0,34700.0
872,553.0,34700.0
873,856.0,12000.0
874,553.0,34700.0
875,553.0,34700.0
876,1260.0,124300.0
877,856.0,12000.0
878,856.0,12000.0
879,553.0,34700.0
880,856.0,12000.0
881,553.0,34700.0
882,1244.0,122100.0
883,856.0,12000.0
884,553.0,34700.0
885,553.0,34700.0
886,553.0,34700.0
887,1850.0000100000002,62400.0
888,1714.0,158700.0
889,553.0,34700.0
890,553.0,34700.0
891,553.0,34700.0
892,553.0,34700.0
893,553.0,34700.0
894,856.0,12000.0
895,820.0,42600.0
896,553.0,34700.0
897,856.0,12000.0
898,3801.0,185900.0
899,856.0,12000.0
900,1280.0,56700.0
901,553.0,34700.0
902,856.0,12000.0
903,3235.20001,182900.0
904,1280.0,56700.0
905,553.0,34700.0
906,553.0,34700.0
907,856.0,12000.0
908,553.0,34700.0
909,553.0,34700.0
910,1098.0,88900.0
911,553.0,34700.0
912,553.0,34700.0
913,553.0,34700.0
914,1023.0,131700.0
915,1302.0,74300.0
916,1023.0,131700.0
917,4031.5,246300.0
918,4044.0,173400.0
919,4950.0,164900.0
920,1381.0,139400.0
921,7017.0,183300.0
922,5742.0,194300.0
923,3606.25,332800.0
924,1176.0,127400.0
925,1381.0,139400.0
926,2160.0,140300.0
927,2160.0,140300.0
928,2160.0,140300.0
929,3720.0,207600.0
930,3372.0,122700.0
931,1342.25,113700.0
932,1041.6000099999999,124000.0
933,1041.6000099999999,124000.0
934,3137.5,120600.0
935,3600.0,138000.0
936,899.0,138600.0
937,1566.0,132000.0
938,2508.0,126000.0
939,8412.6,536300.0
940,899.0,138600.0
941,1566.0,132000.0
942,3666.0,166100.0
943,3440.75,285300.0
944,1566.0,132100.0
945,5052.0,475000.0
946,1092.0,133100.0
947,1021.0,128700.0
948,1021.0,128700.0
949,5052.0,475000.0
950,1566.0,132100.0
951,1021.0,128700.0
952,1566.0,132000.0
953,899.0,138600.0
954,3440.75,285300.0
955,1244.0,122100.0
956,2150.0,190500.0
957,1859.0,140500.0
958,2150.0,190500.0
959,4410.0,151700.0
960,1384.0,114700.0
961,2207.5,132700.0
962,1509.3,41500.0
963,1509.3,41500.0
964,1284.0,44300.0
965,1152.0,114200.0
966,1738.0,124600.0
967,3801.0,140200.0
968,1859.0,140500.0
969,2150.0,190500.0
970,1509.3,41500.0
971,1509.3,41500.0
972,1509.3,41500.0
973,1859.0,140500.0
974,1960.0,146600.0
975,1509.3,41500.0
976,3885.0,145600.0
977,2207.5,132700.0
978,1648.0,123200.0
979,1737.0,136000.0
980,2782.0,144100.0
981,3321.0,201400.0
982,2145.60001,156500.0
983,3477.0,202100.0
984,1172.0,115900.0
985,950.0,29800.0
986,1092.0,33800.0
987,1092.0,33800.0
988,1092.0,33500.0
989,950.0,29800.0
990,1148.0,28600.0
991,950.0,29800.0
992,1089.0,28300.0
993,1140.0,34200.0
994,1092.0,33800.0
995,942.0,29700.0
996,1068.0,33700.0
997,1092.0,33500.0
998,950.0,29800.0
999,1017.0,30300.0
1000,1140.0,34200.0
1001,1113.0,28400.0
1002,1140.0,34200.0
1003,1092.0,33800.0
1004,1089.0,28300.0
1005,1130.0,34200.0
1006,1388.00001,103000.0
1007,1162.0,31300.0
1008,942.0,29700.0
1009,942.0,29700.0
1010,1120.0,33600.0
1011,1140.0,33900.0
1012,1068.0,33700.0
1013,1120.0,33600.0
1014,950.0,29800.0
1015,1140.0,33900.0
1016,1046.0,33000.0
1017,1046.0,33000.0
1018,3959.0,181500.0
1019,1088.0,28200.0
1020,1130.0,34200.0
1021,1140.0,34200.0
1022,1092.0,33500.0
1023,1046.0,33000.0
1024,1136.0,28600.0
1025,1088.0,28200.0
1026,1140.0,33900.0
1027,1092.0,33800.0
1028,1092.0,33800.0
1029,1092.0,33800.0
1030,1140.0,34200.0
1031,942.0,29700.0
1032,1130.0,34200.0
1033,1068.0,33700.0
1034,1068.0,33700.0
1035,1140.0,33900.0
1036,1092.0,33800.0
1037,942.0,29700.0
1038,1140.0,34200.0
1039,1140.0,34200.0
1040,1092.0,33500.0
1041,1140.0,34200.0
1042,1068.0,33700.0
1043,1092.0,33800.0
1044,1140.0,33900.0
1045,1114.0,28400.0
1046,1007.0,30200.0
1047,1046.0,33000.0
1048,1092.0,33800.0
1049,1017.0,30300.0
1050,1140.0,34200.0
1051,1114.0,28400.0
1052,1148.0,28600.0
1053,1130.0,34200.0
1054,1140.0,34200.0
1055,1092.0,33500.0
1056,1007.0,30200.0
1057,1092.0,33800.0
1058,1092.0,33500.0
1059,934.0,29700.0
1060,950.0,29800.0
1061,1092.0,33800.0
1062,1068.0,33700.0
1063,1092.0,33800.0
1064,1140.0,34200.0
1065,1140.0,34200.0
1066,942.0,29700.0
1067,1092.0,33800.0
1068,1140.0,34200.0
1069,950.0,29800.0
1070,1140.0,34200.0
1071,950.0,29800.0
1072,1012.0,30200.0
1073,1092.0,33500.0
1074,1140.0,33900.0
1075,1120.0,33600.0
1076,1162.0,31300.0
1077,1140.0,33900.0
1078,1140.0,33900.0
1079,1068.0,33700.0
1080,1068.0,33700.0
1081,1092.0,33800.0
1082,8136.0,128600.0
1083,1113.0,28400.0
1084,1136.0,28600.0
1085,1092.0,33800.0
1086,1012.0,30200.0
1087,1120.0,33600.0
1088,1092.0,33500.0
1089,1140.0,34200.0
1090,934.0,29700.0
1091,1140.0,34200.0
1092,2716.0,151500.0
1093,3510.0,58400.0
1094,2716.0,151500.0
1095,2979.0,60600.0
1096,6120.0,179600.0
1097,6120.0,179600.0
1098,4125.0,172200.0
1099,2716.0,151500.0
1100,1014.0,129900.0
1101,9438.57,850000.0
1102,899.0,99300.0
1103,3714.0,154000.0
1104,1600.0,121300.0
1105,974.40001,119200.0
1106,3250.0,170000.0
1108,5399.0,303700.0
1109,974.40001,119200.0
1110,3714.0,154000.0
1111,2690.0,191100.0
1112,1180.0,118800.0
1113,4128.0,172600.0
1114,2782.0,144100.0
1115,1086.0,111700.0
1116,2304.0,72400.0
1117,1101.0,151000.0
1118,3744.0,148700.0
1119,1614.0,134200.0
1120,1904.0,142900.0
1121,2112.0,155900.0
1122,900.0,117000.0
1123,1360.0,103800.0
1124,1180.0,118800.0
1125,1041.6000099999999,139500.0
1126,898.0,81700.0
1127,1101.0,151000.0
1128,3744.0,148700.0
1129,2822.0,164300.0
1130,9438.57,850000.0
1131,2838.0,127000.0
1132,846.0,59600.0
1134,4248.0,185700.0
1135,3605.25,201700.0
1137,3786.5,417700.0
1138,7261.5,240100.0
1139,2782.0,144100.0
1140,3594.0,405200.0
1141,1904.0,142900.0
1143,4194.0,178500.0
1144,695.0,40900.0
1145,2648.0,137500.0
1146,645.0,38100.0
1147,2234.4000100000003,164500.0
1148,1284.0,44300.0
1149,3594.0,405200.0
1150,1405.0,133900.0
1151,2577.5,169700.0
1152,4248.0,185700.0
1153,1452.0,131900.0
1154,1244.0,122100.0
1155,4194.0,178500.0
1156,974.40001,119200.0
1157,1710.0,159700.0
1158,3594.0,405200.0
1159,2571.25,171800.0
1161,1388.00001,103000.0
1162,2782.0,144100.0
1163,1614.0,134200.0
1164,8490.0,402700.0
1165,1904.0,142900.0
1166,3250.0,170000.0
1167,612.0,24300.0
1168,1254.0,118200.0
1170,645.0,38100.0
1171,4210.40001,178500.0
1172,3355.0,134900.0
1173,3393.25,183900.0
1174,2123.0,414700.0
1175,2123.0,414700.0
1176,1123.20001,129700.0
1177,1123.20001,129700.0
1178,2828.00001,220400.0
1179,1365.0,137200.0
1180,3963.7,195700.0
1181,5871.0,245600.0
1182,2123.0,414700.0
1183,1123.20001,129700.0
1184,1698.0,154800.0
1185,790.0,38900.0
1186,2829.0,108200.0
1187,2414.0,109900.0
1188,1708.0,106100.0
1189,2340.0,184700.0
1190,2222.5,111300.0
1191,2414.0,109900.0
1192,1151.40001,130700.0
1193,5838.0,184600.0
1194,2414.0,109900.0
1195,4608.0,189000.0
1196,4240.75,158800.0
1197,1132.0,55100.0
1198,1333.0,176100.0
1199,5838.0,184600.0
1200,1839.0,139100.0
1201,4167.0,203800.0
1202,2900.0,189300.0
1203,1830.5,115800.0
1204,4167.0,203800.0
1205,2414.0,109900.0
1207,1576.0,151900.0
1208,1153.0,105000.0
1209,4131.0,164900.0
1210,1830.5,115800.0
1211,1153.0,105000.0
1212,4167.0,203800.0
1213,1576.0,151900.0
1214,1153.0,105000.0
1215,743.0,31800.0
1216,2829.0,108200.0
1217,743.0,31800.0
1218,1577.25,145300.0
1219,13710.0,255200.0
1220,1830.5,115800.0
1221,2340.0,184700.0
1222,1188.0,101200.0
1223,20031.0,647700.0
1224,4167.0,203800.0
1225,743.0,31800.0
1226,1839.0,139100.0
1227,1333.0,176100.0
1228,1830.5,115800.0
1229,1254.0,64400.0
1230,1188.0,101200.0
1231,1333.0,176100.0
1232,1576.0,151900.0
1233,662.0,69900.0
1235,1422.0,136600.0
1236,1384.0,158400.0
1237,1249.0,144400.0
1238,1390.0,142400.0
1239,960.0,147900.0
1240,1075.20001,145000.0
1241,1224.0,144200.0
1242,1288.0,125100.0
1243,1288.0,125100.0
1244,1485.0,158000.0
1245,797.0,38700.0
1246,797.0,43700.0
1247,667.0,106400.0
1248,1344.0,104700.0
1249,1587.0,163200.0
1250,1860.0,163200.0
1251,1096.0,137900.0
1252,1074.0,65100.0
1253,2743.20001,191600.0
1254,2768.2,210700.0
1255,1380.0,147400.0
1256,1056.0,137100.0
1257,1168.0,71600.0
1258,1612.80001,148200.0
1259,1096.0,99400.0
1260,1124.00001,150100.0
1261,1249.0,144400.0
1262,3696.0,111800.0
1263,1062.0,134200.0
1264,960.0,147900.0
1265,1075.20001,145000.0
1266,1075.20001,145000.0
1267,3778.0,77800.0
1268,1075.20001,145000.0
1269,1479.0,152200.0
1270,1479.0,152200.0
1271,1485.0,158000.0
1272,1006.0,135000.0
1273,797.0,43700.0
1274,1094.0,148800.0
1275,667.0,106400.0
1276,1587.0,163200.0
1277,2027.5,204100.0
1278,900.0,128200.0
1279,1096.0,121000.0
1280,1760.0,161100.0
1281,936.0,134500.0
1282,2768.2,210700.0
1283,2768.2,210700.0
1284,1282.0,140400.0
1285,1600.4,155200.0
1286,1044.0,137300.0
1287,1433.6000099999999,105700.0
1288,1200.5,151400.0
1289,2400.00001,225900.0
1290,2400.00001,225900.0
1291,1381.0,96000.0
1292,1019.2000099999999,139900.0
1293,1572.0,146700.0
1294,1192.0,136900.0
1295,1192.0,136900.0
1296,1192.0,136900.0
1297,5152.0,242100.0
1298,1192.0,136900.0
1299,1750.0,154800.0
1300,1750.0,154800.0
1301,1750.0,154800.0
1302,1152.0,121600.0
1303,1308.0,163100.0
1305,1170.0,107200.0
1306,1008.00001,114700.0
1307,1329.0,123000.0
1308,1008.00001,117000.0
1309,1048.00001,131700.0
1310,1048.00001,131700.0
1311,1048.00001,131700.0
1312,1860.0,139800.0
1313,1860.0,139800.0
1314,2684.0,238600.0
1315,1184.0,111200.0
1317,1024.0,138000.0
1318,1470.0,148500.0
1319,1008.00001,122100.0
1320,1260.0,134000.0
1321,1048.00001,131700.0
1322,1048.00001,131700.0
1323,1024.0,138000.0
1324,1024.0,138000.0
1325,1871.8000100000002,131100.0
1326,1095.5,99000.0
1327,2112.0,153700.0
1328,1428.0,128100.0
1329,1024.0,138000.0
1330,1671.0,154400.0
1331,3477.5,209500.0
1332,1834.5,157300.0
1333,1834.5,157300.0
1334,900.0,117200.0
1335,900.0,119900.0
1336,1566.0,151100.0
1337,1086.0,132900.0
1338,900.0,116200.0
1339,900.0,116000.0
1340,900.0,112100.0
1341,900.0,116300.0
1342,900.0,121400.0
1343,1473.6,145900.0
1344,1717.0,172400.0
1345,1591.0,157500.0
1346,1591.0,157500.0
1347,1706.0,167600.0
1348,1856.0,201800.0
1349,1834.5,157300.0
1350,1834.5,157300.0
1351,1344.0,130500.0
1352,1356.0,140700.0
1353,900.0,117200.0
1354,900.0,125700.0
1355,1086.0,132900.0
1356,1015.00001,134000.0
1357,2480.0,133200.0
1358,900.0,119000.0
1359,900.0,116200.0
1360,900.0,114900.0
1361,1275.25,127200.0
1362,1655.0,134700.0
1363,1522.5,155600.0
1364,1861.0,169900.0
1365,1914.0000100000002,160300.0
1366,1106.0,141600.0
1367,1775.5,139000.0
1368,2120.5,176800.0
1369,1473.0,131800.0
1370,3888.0,163100.0
1371,1342.25,125100.0
1372,1342.25,125100.0
1373,942.0,125200.0
1374,1024.0,98900.0
1375,1834.5,153600.0
1376,1218.0,107400.0
1377,1218.0,107400.0
1378,1190.40001,103400.0
1379,2160.00001,180700.0
1380,9072.0,377100.0
1381,2240.0,147700.0
1383,973.00001,117900.0
1384,973.00001,127400.0
1385,2624.0,178200.0
1386,2771.5,209400.0
1387,2965.0,224100.0
1388,3206.0,233100.0
1389,900.0,129600.0
1390,1008.00001,120700.0
1391,1200.0,120100.0
1392,1043.0,127500.0
1393,1043.0,127500.0
1394,2160.00001,180700.0
1395,1038.0,130900.0
1396,4136.0,256400.0
1397,900.0,124100.0
1398,1008.00001,120700.0
1399,1284.0,161900.0
1400,1284.0,161900.0
1401,850.0,47300.0
1402,850.0,55200.0
1403,850.0,60100.0
1404,850.0,61300.0
1405,1015.0,107200.0
1407,3270.0,157900.0
1408,3270.0,157900.0
1409,1075.20001,132000.0
1410,900.0,126500.0
1411,850.0,60500.0
1412,850.0,60100.0
1413,850.0,61300.0
1414,3672.0,171300.0
1415,69589.8,1420000.0
1416,3798.0,166100.0
1417,1052.0,129700.0
1418,3411.0,161600.0
1419,3076.0,154200.0
1420,3270.0,157900.0
1421,4031.0,165000.0
1422,1195.20001,131400.0
1423,1075.20001,115400.0
1424,1075.20001,115500.0
1425,1720.0,141600.0
1426,1720.0,141600.0
1427,1400.0,125600.0
1428,1400.0,125600.0
1429,1116.0,130400.0
1430,1092.0,133400.0
1431,1015.0,106200.0
1432,1015.0,122400.0
1433,1015.0,122400.0
1434,3096.0,159900.0
1435,1135.20001,138100.0
1436,988.0,115400.0
1437,3354.0,163700.0
1438,3354.0,163700.0
1439,1120.0,122500.0
1440,3938.0,216600.0
1441,2925.0,233000.0
1442,3596.0,198400.0
1443,1200.0,135500.0
1444,2234.0,110600.0
1445,988.0,115400.0
1446,3354.0,167100.0
1447,3354.0,167100.0
1448,1013.25,119400.0
1449,1030.0,126700.0
1450,3187.20001,175200.0
1451,1376.0,117000.0
1452,1376.0,117000.0
1453,11865.6,550000.0
1454,3596.0,198400.0
1455,1664.0,140100.0
1456,1375.0,131400.0
1457,1257.6000099999999,142000.0
1458,2901.60001,227300.0
1459,675.0,88300.0
1460,1056.0,114600.0
1461,1056.0,114600.0
1462,1611.0,168800.0
1463,1224.0,158100.0
1464,2104.80001,154800.0
1465,3932.0,277600.0
1466,1664.0,140100.0
1467,1664.0,140100.0
1468,1375.0,131400.0
1469,1375.0,131400.0
1470,1795.2,152800.0
1471,1503.8,131000.0
1472,2219.6,193200.0
1473,1056.0,114600.0
1474,1204.0,92300.0
1475,2524.0,166700.0
1476,1176.0,151100.0
1477,1404.0,139700.0
1478,1404.0,134200.0
1479,1188.0,127800.0
1480,1090.0,142600.0
1481,903.0,144900.0
1482,900.0,117600.0
1483,899.0,130600.0
1484,1474.0,143700.0
1485,3932.0,277600.0
1486,1170.0,130600.0
1487,3699.0,216100.0
1488,1585.5,116700.0
1491,1512.0,139000.0
1492,1952.25,159400.0
1493,1952.25,159400.0
1494,2857.5,191700.0
1495,1204.0,92300.0
1496,1204.0,92300.0
1497,2524.0,166700.0
1498,1404.0,134200.0
1499,1075.20001,128900.0
1500,1090.0,142600.0
1501,1075.20001,117100.0
1502,903.0,144900.0
1503,1248.0,135100.0
1504,900.0,128000.0
1505,1412.0,127200.0
1506,1397.0,111300.0
1507,2034.0,166000.0
1508,2034.0,166000.0
1509,1305.0,126000.0
1510,1348.0,132700.0
1511,1348.0,132700.0
1512,1208.0,143400.0
1513,1630.0,133500.0
1514,1630.0,143200.0
1515,1092.0,133100.0
1516,2240.0,180100.0
1517,1984.65001,147900.0
1518,1532.0,156000.0
1519,2241.60001,165400.0
1520,3068.0,198100.0
1521,2941.20001,202800.0
1522,1264.0,130100.0
1523,1264.0,130100.0
1524,1007.0,121000.0
1525,1344.0,141400.0
1526,1456.0,174000.0
1527,1348.0,133700.0
1528,1690.5,158100.0
1529,3146.4000100000003,205000.0
1530,1630.0,143200.0
1531,1092.0,133100.0
1532,2400.0,209300.0
1533,3580.0,194900.0
1534,2240.0,180100.0
1535,1555.7,149600.0
1536,1502.8500099999999,142900.0
1537,1378.0,141300.0
1538,2586.0,195400.0
1539,2586.0,195400.0
1540,2560.0,190800.0
1541,3602.5,175100.0
1542,2583.60001,186200.0
1543,3840.0,234100.0
1544,3840.0,234100.0
1545,5982.5,261900.0
1546,3732.0,192600.0
1547,3886.0,222500.0
1548,2392.0,152900.0
1549,2596.00001,162300.0
1550,2480.0,168300.0
1551,1454.75,77200.0
1552,1362.0,140000.0
1553,3525.0,182300.0
1554,2338.0,149300.0
1555,2338.0,149300.0
1556,3105.0,167100.0
1557,2889.0,195700.0
1558,1682.0,106200.0
1559,1441.0,147700.0
1560,2930.4000100000003,197800.0
1561,2930.4000100000003,197800.0
1562,2961.0,165400.0
1563,1596.0,153600.0
1564,3312.80001,209500.0
1565,1264.0,130100.0
1566,2560.0,190800.0
1567,948.0,129400.0
1568,1841.0,154500.0
1569,1841.0,154500.0
1570,3840.0,234100.0
1571,5736.0,269200.0
1572,5982.5,261900.0
1573,3815.0,213300.0
1574,1520.0,94700.0
1575,3886.0,222500.0
1576,2760.0,193800.0
1577,2743.20001,191600.0
1578,4038.0,285200.0
1579,7518.0,313500.0
1580,5292.0,229600.0
1581,900.0,87100.0
1582,1164.0,91100.0
1583,750.0,76200.0
1584,2784.0,165800.0
1585,2784.0,171700.0
1586,1156.0,90100.0
1587,1156.0,90100.0
1588,1128.0,77200.0
1589,1112.0,96700.0
1590,2184.0,136700.0
1591,8397.47,353400.0
1592,2254.0,150300.0
1593,6466.0,180100.0
1594,5346.0,140600.0
1595,3804.0,205100.0
1596,2480.0,168300.0
1597,2985.0,147500.0
1598,1454.75,77200.0
1599,2464.0,157200.0
1600,1568.0,142800.0
1601,2592.0,189100.0
1602,2889.0,195700.0
1603,2743.20001,191600.0
1604,4038.0,285200.0
1605,7518.0,313500.0
1606,3304.0,179200.0
1607,3276.0,179200.0
1608,5292.0,229600.0
1609,1164.0,91100.0
1610,750.0,76200.0
1611,2784.0,165800.0
1612,1156.0,90100.0
1613,1156.0,77200.0
1614,978.0,68200.0
1615,1112.0,96700.0
1616,5697.72,325900.0
1617,1559.25,126100.0
1618,2164.80001,145700.0
1619,4866.0,246700.0
1620,4866.0,246700.0
1621,3444.0,207500.0
1622,2164.0,157800.0
1623,1472.0,138900.0
1624,5916.0,229600.0
1625,3569.5,192700.0
1626,3569.5,192700.0
1627,3675.0,187200.0
1628,3619.0,198500.0
1629,3619.0,198500.0
1630,2458.0,142900.0
1631,1139.0,78800.0
1632,1694.0,136000.0
1633,1694.0,136000.0
1634,3450.0,143800.0
1635,3117.5,178400.0
1636,1802.25,140700.0
1637,1802.25,140700.0
1638,3078.0,136600.0
1639,1746.0,132800.0
1640,4866.0,246700.0
1641,4592.0,229000.0
1642,7716.0,330300.0
1643,3744.0,214100.0
1644,6691.5,267400.0
1645,1860.0,148500.0
1646,3619.0,198500.0
1647,1139.0,78800.0
1648,5043.0,91796.0
1649,3678.0,103800.0
1650,6837.0,207900.0
1651,1384.0,114700.0
1652,3647.0,218500.0
1653,1155.0,134000.0
1654,1232.0,123700.0
1655,1232.0,127800.0
1656,1384.0,114700.0
1657,1408.0,118600.0
1658,1776.0,132500.0
1659,1776.0,132500.0
1660,2855.0,160700.0
1661,3311.0,175800.0
1662,3311.0,175800.0
1663,3311.0,175800.0
1664,1536.0,126200.0
1665,3638.25,181800.0
1666,3638.25,181800.0
1667,3951.0,129700.0
1668,10700.0,328300.0
1669,1408.0,131900.0
1670,3318.0,188400.0
1671,2855.0,160700.0
1672,3311.0,175800.0
1673,1477.80001,138800.0
1674,3951.0,129700.0
1675,3927.0,192400.0
1676,3927.0,192400.0
1677,2637.5,188900.0
1678,2726.0,192800.0
1679,2900.0,191300.0
1680,1273.0,136200.0
1681,1273.0,136200.0
1682,1273.0,136200.0
1683,2329.80001,169300.0
1684,3542.0,207900.0
1685,3341.25,192500.0
1686,3684.0000200000004,231200.0
1687,1290.6,126100.0
1688,2912.0,195000.0
1689,1322.0,151900.0
1690,801.0,115000.0
1691,2334.0,190500.0
1692,2284.0,169700.0
1693,1290.6,126100.0
1694,1772.0,139300.0
1695,1050.0,140300.0
1696,3244.0,170900.0
1697,1769.0,511500.0
1698,1756.0,152700.0
1699,1756.0,152700.0
1700,1955.0,153200.0
1701,3097.0,187200.0
1702,1634.0,151000.0
1703,1832.0,168700.0
1704,4181.0,231800.0
1705,1050.0,140300.0
1706,3087.0,185600.0
1707,3087.0,185600.0
1708,1769.0,511500.0
1709,1594.0,144500.0
1710,1594.0,144500.0
1711,1955.0,153200.0
1712,1955.0,153200.0
1713,3072.5,226900.0
1714,1754.0,159700.0
1715,1634.0,151000.0
1716,1834.0,158600.0
1717,1834.0,158600.0
1718,2524.0,188300.0
1719,1510.0,143400.0
1720,2594.0,198100.0
1721,1350.0,148300.0
1722,1773.62,162000.0
1723,1896.0,169700.0
1724,1834.0,158600.0
1725,2654.0,205100.0
1726,2836.0,203100.0
1727,1350.0,148300.0
1728,1530.0,128900.0
1729,3241.60001,202200.0
1730,3026.4000100000003,215600.0
1731,2772.0,209100.0
1732,3744.0,173900.0
1733,3770.25,204200.0
1734,3432.0,189600.0
1735,3450.0,180000.0
1736,2537.0,190400.0
1737,2680.0,170600.0
1738,2626.0,154600.0
1739,2604.0,201600.0
1740,3026.4000100000003,215600.0
1741,3052.4000100000003,189900.0
1742,3038.4000100000003,173200.0
1743,3146.4000100000003,194800.0
1744,1200.0,162200.0
1745,1420.0,130500.0
1746,3432.0,189600.0
1747,3636.0,202000.0
1748,3348.0,198400.0
1749,3102.0,196200.0
1750,39634.0,1350300.0
1751,1302.0,131900.0
1752,1480.0,143000.0
1753,3588.0,192100.0
1754,3588.0,192100.0
1755,2520.0,155700.0
1756,2616.0,203100.0
1757,3104.0,204400.0
1758,1436.0,82100.0
1759,1716.0,130000.0
1760,3588.0,192100.0
1761,964.0,118100.0
1762,2344.0,182100.0
1763,4032.0,180700.0
1764,3120.0,171500.0
1765,1255.0,124000.0
1766,1096.0,143000.0
1767,1040.20001,145700.0
1768,1547.0,150200.0
1769,1006.25,129900.0
1770,2856.00001,180900.0
1771,2970.5,160000.0
1772,3150.0,131900.0
1773,1068.0,119300.0
1774,1068.0,119300.0
1775,1318.0,127300.0
1776,1040.20001,145700.0
1777,1006.25,129900.0
1778,1776.0,158500.0
1779,1600.0,143400.0
1780,1600.0,135700.0
1781,1041.6000099999999,110700.0
1782,6516.0,197000.0
1783,3588.0,160000.0
1784,3291.5,186700.0
1785,3291.5,186700.0
1786,925.0,60800.0
1787,3041.0,270700.0
1788,3726.0,188900.0
1789,4158.0,198400.0
1790,3354.0,180700.0
1791,9486.0,370200.0
1792,7537.0,254800.0
1793,925.0,60800.0
1794,3498.5,195000.0
1795,932.0,72000.0
1796,2370.0,165000.0
1797,3481.25,180900.0
1798,1888.8000100000002,143000.0
1799,2950.0,166800.0
1800,3390.00001,186000.0
1801,3966.0,191400.0
1802,2421.25,157300.0
1803,3558.5,161800.0
1804,2796.0,157300.0
1806,3508.0,177100.0
1807,907.0,74000.0
1808,9072.0,607600.0
1809,3796.5,179200.0
1810,3047.5,150600.0
1811,1351.0,158500.0
1812,2950.0,166800.0
1813,2950.0,166800.0
1814,1920.0000100000002,143200.0
1815,2796.0,157300.0
1816,3714.0,185000.0
1817,2612.8,215100.0
1818,2584.0,202400.0
1819,8232.0,426800.0
1820,3492.0,158900.0
1821,3510.0,170100.0
1822,5529.0,326600.0
1823,2655.0,167700.0
1824,3729.0,190600.0
1825,8238.0,350900.0
1826,3510.0,180700.0
1827,9816.0,390400.0
1829,2732.0,199600.0
1830,3726.0,161700.0
1831,2835.0,73500.0
1832,2835.0,74700.0
1833,3203.0,151300.0
1834,3861.0,168200.0
1835,2117.00001,156500.0
1836,2117.00001,156500.0
1837,3518.0,166400.0
1838,3341.5,132100.0
1839,3341.5,132100.0
1840,3668.0,152100.0
1841,3457.5,164200.0
1842,2732.0,199300.0
1843,2732.0,199300.0
1844,2732.0,199400.0
1845,3726.0,161700.0
1846,3588.0,153200.0
1847,2835.0,73500.0
1848,2835.0,74700.0
1849,3861.0,185900.0
1850,3256.11,350300.0
1851,4026.0,177700.0
1852,4026.0,177700.0
1853,3668.0,152100.0
1854,14131.95,674000.0
1855,2145.0,109000.0
1856,2230.0,148500.0
1857,3223.0,134200.0
1858,3954.0,166300.0
1859,1764.0000100000002,135100.0
1860,3691.20002,194100.0
1861,1676.00001,124500.0
1862,2230.0,148500.0
1863,2469.5,162300.0
1864,2469.5,162300.0
1865,3494.25,160700.0
1866,3494.25,160700.0
1867,2031.0000100000002,129400.0
1868,3936.0,178000.0
1869,3573.0,176500.0
1870,3386.0,145100.0
1871,3388.0,160900.0
1872,3388.0,160900.0
1873,4293.0,185200.0
1874,3410.0,170600.0
1875,1496.0,458300.0
1876,2846.4000100000003,162900.0
1877,3525.0,56200.0
1878,3525.0,56200.0
1879,3525.0,56200.0
1880,2160.0,136800.0
1881,2514.0,149600.0
1882,5553.0,207900.0
1883,5146.0,197000.0
1884,1079.0,66500.0
1885,1078.0,66500.0
1886,940.0,65900.0
1887,940.0,65900.0
1888,1251.0,70900.0
1889,3169.0,178600.0
1890,3899.0,165700.0
1891,6196.0,314100.0
1892,6196.0,314100.0
1893,1558.0,138200.0
1894,1776.0000100000002,143000.0
1895,2217.60001,161900.0
1896,3239.5,174400.0
1897,672.0,107400.0
1898,3024.0,160000.0
1899,4950.0,188500.0
1900,3840.0,179200.0
1901,3840.0,179200.0
1902,3840.0,179200.0
1903,3840.0,179200.0
1904,2382.0,159900.0
1905,2382.0,159900.0
1906,2382.0,159900.0
1907,1680.0,126600.0
1908,930.0,118400.0
1909,2392.0,168200.0
1910,1048.0,109400.0
1911,1048.0,109400.0
1912,1164.0,123900.0
1913,720.0,111400.0
1914,3836.0,199000.0
1915,1752.0,162900.0
1916,1534.00001,155200.0
1917,3120.0,189200.0
1918,1152.0,137600.0
1919,1248.0,162600.0
1920,1250.5,156100.0
1921,2480.0,179300.0
1922,1050.0,135700.0
1923,980.0,137200.0
1924,1260.0,133900.0
1925,1902.0,171900.0
1926,1902.0,171900.0
1927,3326.4000100000003,204700.0
1928,1925.0000100000002,176500.0
1929,1925.0000100000002,176500.0
1930,1386.0,148100.0
1931,1386.0,148100.0
1932,6324.0,255700.0
1933,6324.0,255700.0
1934,1116.0,151600.0
1935,1024.0,116100.0
1936,3858.0,198400.0
1937,2390.0,175300.0
1938,720.0,114000.0
1939,3780.0,190600.0
1940,2312.80001,184300.0
1941,3092.5,137700.0
1942,3255.0,251700.0
1943,3983.0,241100.0
1944,2997.60001,200800.0
1945,2997.60001,200800.0
1946,1103.20001,146100.0
1947,3668.0,215300.0
1948,3726.0,224600.0
1949,3726.0,214400.0
1950,1256.0,136700.0
1951,1260.0,148200.0
1952,3348.0,195500.0
1953,8403.0,401800.0
1954,1392.0,103300.0
1955,2829.0,146700.0
1956,3300.0,219900.0
1957,2395.0,140000.0
1958,2460.0,154900.0
1959,2877.5,78800.0
1960,2877.5,78800.0
1961,2877.5,78800.0
1962,2877.5,78800.0
1963,6912.0,95200.0
1964,3936.0,178200.0
1965,3936.0,181200.0
1966,3169.5,164100.0
1967,3169.5,164100.0
1968,3459.0,145500.0
1969,2396.0,197500.0
1970,2396.0,197500.0
1971,4462.2000100000005,177900.0
1972,5042.0,122400.0
1973,5042.0,122400.0
1974,5042.0,122400.0
1975,5042.0,122400.0
1976,2803.20001,160800.0
1977,3747.0,109400.0
1978,6120.0,229600.0
1979,23820.0,1082100.0
1980,2510.0,146200.0
1981,2816.4000100000003,165700.0
1982,2875.0,170800.0
1983,3504.0,179500.0
1984,2940.0,166500.0
1985,2370.0,156400.0
1986,539.0,30500.0
1987,516.0,29300.0
1988,663.0,37200.0
1989,592.0,33400.0
1990,1322.0,121000.0
1991,3162.5,162200.0
1992,982.5,101500.0
1993,3940.0,178700.0
1994,3940.0,178700.0
1995,2360.20001,147000.0
1996,2872.5,163000.0
1997,546.0,20000.0
1998,640.0,38300.0
1999,546.0,32900.0
2000,8778.0,487200.0
2001,969.0,71000.0
2002,1079.0,72900.0
2003,1079.0,66500.0
2004,1079.0,66900.0
2005,1079.0,66500.0
2006,1078.0,66500.0
2007,940.0,65900.0
2008,975.0,66000.0
2009,975.0,66000.0
2010,975.0,66000.0
2011,1251.0,70900.0
2012,2884.0,196000.0
2013,3169.0,178600.0
2014,2625.0,171500.0
2015,912.0,114800.0
2016,912.0,114800.0
2017,4020.0,194400.0
2018,5400.0,301100.0
2019,1626.0,136500.0
2020,8388.0,105100.0
2021,3404.0,177800.0
2022,3062.5,175500.0
2023,5916.0,252900.0
2024,5670.0,230000.0
2025,6048.0,197000.0
2026,7044.0,263600.0
2027,7044.0,263600.0
2028,4680.0,167600.0
2029,803.0,41500.0
2030,614.0,35500.0
2031,777.0,41300.0
2032,777.0,41300.0
2033,1056.0,44200.0
2034,1056.0,44200.0
2035,4974.5,176400.0
2037,2546.5,162100.0
2038,1776.0000100000002,143000.0
2039,3239.5,174400.0
2040,2831.0,173600.0
2041,2415.20001,157400.0
2042,720.0,115700.0
2043,1290.75,125000.0
2044,3693.0,182600.0
2045,3354.0,171400.0
2046,3024.0,170000.0
2047,3024.0,170000.0
2048,3024.0,160000.0
2049,4464.0,220800.0
2050,4464.0,220800.0
2051,2600.0,169500.0
2052,2600.0,169500.0
2053,3588.0,178900.0
2054,2933.60001,210300.0
2055,3840.0,179200.0
2056,3840.0,179200.0
2057,3840.0,179200.0
2058,3840.0,179200.0
2059,1888.0,134000.0
2060,1933.60001,138600.0
2061,2802.5,157000.0
2062,2802.5,157000.0
2063,2382.0,159900.0
2064,6512.0,286100.0
2065,2373.20001,145800.0
2066,2373.20001,145800.0
2067,1225.6000099999999,120300.0
2068,3899.00001,237700.0
2069,1886.40001,131000.0
2070,2472.5,134800.0
2071,1786.0,179700.0
2072,1363.0,144800.0
2073,3744.0,178800.0
2074,2338.0,208700.0
2075,2200.0,190300.0
2076,1498.5,159500.0
2077,1498.5,159500.0
2078,1814.75,150400.0
2079,1944.0,170300.0
2080,1492.5,143300.0
2081,1243.0,172700.0
2082,1544.0,154600.0
2083,900.0,129100.0
2084,1792.4,148600.0
2085,1374.25,149300.0
2086,2180.0,166700.0
2087,1148.0,162000.0
2088,1152.0,137600.0
2089,1487.0,143100.0
2090,1724.0000100000002,144500.0
2091,1724.0000100000002,144500.0
2092,3575.0,167400.0
2093,3597.5,213000.0
2094,4467.0,192100.0
2095,2304.0,78600.0
2096,2304.0,78600.0
2097,8168.0,463400.0
2098,8168.0,463400.0
2099,6933.0,229000.0
2100,1636.5,160400.0
2101,1986.0,151500.0
2102,1250.5,156100.0
2103,1652.0,158900.0
2104,1536.0,158200.0
2105,2480.0,179300.0
2106,1800.0,171200.0
2107,1672.0,190100.0
2108,980.0,137200.0
2109,1902.0,171900.0
2110,1288.0,139400.0
2111,1814.0,192600.0
2112,1230.00001,148800.0
2113,1230.00001,148800.0
2114,1040.20001,133800.0
2115,1040.20001,133800.0
2116,1041.6000099999999,139300.0
2117,1087.0,146000.0
2118,1192.0,137900.0
2119,6933.0,229000.0
2120,2362.0,97100.0
2121,2362.0,97100.0
2122,2362.0,97100.0
2123,2580.0,133500.0
2124,19275.0,580300.0
2125,6268.0,251100.0
2126,3789.0,202100.0
2127,622.0,19000.0
2128,654.0,20000.0
2130,19383.0,883800.0
2131,5040.0,172300.0
2132,3300.0,209700.0
2133,11280.0,349200.0
2134,11280.0,349200.0
2135,3858.0,198400.0
2136,1824.0,150000.0
2137,1280.0,187100.0
2138,2520.0,190200.0
2139,2291.5,156600.0
2140,2496.00001,208100.0
2141,3255.0,251700.0
2142,1162.5,137500.0
2143,1162.5,137500.0
2144,1180.0,135300.0
2145,2990.0,192000.0
2146,3450.0,202700.0
2148,1080.0,142300.0
2149,3668.0,215300.0
2150,639.0,23900.0
2151,639.0,23900.0
2152,672.0,25100.0
2153,670.0,26500.0
2154,6912.0,284100.0
2155,1822.0,154700.0
2156,2165.0,238500.0
2157,1271.0,117200.0
2158,2949.60001,115000.0
2159,5758.0,679200.0
2160,1494.0,98300.0
2161,3774.0,197100.0
2162,3774.0,197100.0
2163,3137.5,193900.0
2164,3137.5,193900.0
2165,1421.0,131600.0
2166,1367.25,121100.0
2167,3668.0,215300.0
2168,2624.0,197300.0
2169,2624.0,197300.0
2170,2632.0,199400.0
2171,2096.0,180400.0
2172,1188.0,151400.0
2173,1512.0,150800.0
2174,2392.0,172500.0
2175,1080.0,138800.0
2176,2378.5,178500.0
2177,4284.0,214000.0
2178,8403.0,401800.0
2179,8334.0,187726.0
2180,8334.0,187726.0
2181,3171.5,165600.0
2182,1239.0,114800.0
2183,2875.0,170800.0
2184,3461.0,184800.0
2185,3461.0,184800.0
2186,3425.0,174400.0
2187,16822.0,963100.0
2188,16822.0,963100.0
2189,16822.0,963100.0
2190,5076.0,252800.0
2191,1519.0,98800.0
2192,3645.0,175100.0
2193,2445.0,86100.0
2194,1440.0,140300.0
2195,1872.5,138400.0
2196,3432.0,168100.0
2197,4059.0,192100.0
2198,3424.0,212700.0
2199,3504.0,179500.0
2200,2802.25,179100.0
2201,594.0,34100.0
2202,593.0,33400.0
2203,576.0,33300.0
2204,631.0,35500.0
2205,639.0,35900.0
2206,1623.8,128800.0
2207,982.5,101500.0
2208,5180.0,217900.0
2209,2513.5,190700.0
2210,2513.5,190700.0
2211,5427.5,205700.0
2212,3307.20001,238300.0
2213,2896.0,209700.0
2214,4542.25,294700.0
2215,4542.25,294700.0
2216,2477.5,233400.0
2217,2477.5,233400.0
2218,3258.00001,252200.0
2219,2394.0,224600.0
2220,3447.0,249800.0
2221,2091.4000100000003,176000.0
2222,3960.75,345800.0
2223,4892.0,325400.0
2224,3877.5,327100.0
2226,3777.5,376600.0
2227,4525.0,377700.0
2228,2725.0,274800.0
2229,3341.0,327400.0
2230,5820.0,254300.0
2231,3456.0,209100.0
2232,5488.0,351000.0
2233,1773.0,139400.0
2235,2791.0,156500.0
2236,2289.5,142600.0
2237,2289.5,142600.0
2238,2289.5,142600.0
2239,3404.0,177800.0
2240,1280.0,68600.0
2241,3684.0,151700.0
2242,5916.0,252900.0
2243,2874.00001,157900.0
2244,6048.0,197000.0
2245,803.0,41500.0
2246,614.0,35500.0
2247,628.0,36200.0
2248,4262.5,278100.0
2249,5210.75,491000.0
2250,2722.5,284900.0
2251,4054.0,387600.0
2252,3681.75,264600.0
2253,3857.75,257500.0
2254,4195.25,303200.0
2255,3681.75,271900.0
2256,4625.75,322900.0
2257,4417.5,352300.0
2258,3067.0,242700.0
2259,4075.5,261800.0
2260,3140.0,289000.0
2261,5591.0,379400.0
2262,2178.0,235100.0
2263,3696.5,309800.0
2264,4265.75,482800.0
2265,2632.0,332800.0
2266,4250.38,629300.0
2267,628.0,36200.0
2268,2630.4000100000003,146800.0
2269,4974.5,176400.0
2270,2415.0,72600.0
2271,2415.0,72600.0
2272,3672.0,174400.0
2273,7776.0,221100.0
2274,13595.0,750600.0
2275,13595.0,750600.0
2276,3240.25,71100.0
2277,2542.80001,141000.0
2278,5005.0,516500.0
2279,5509.800020000001,676400.0
2280,2652.0,448000.0
2281,4355.2,462000.0
2282,4355.2,462000.0
2283,4307.25,500400.0
2284,4149.25,497700.0
2285,3314.2,523200.0
2286,2225.80002,318800.0
2287,3016.08,382000.0
2288,4325.40002,415000.0
2289,3674.60001,418700.0
2290,3915.5,345700.0
2291,3082.0,334300.0
2292,4340.0,466800.0
2293,3805.0,350200.0
2294,2157.0,247500.0
2296,8584.0,688300.0
2297,1773.5,184000.0
2298,32105.5,1370000.0
2299,2531.0,540000.0
2300,2304.0,78600.0
2301,2304.0,78600.0
2302,2304.0,78600.0
2303,2304.0,78600.0
2304,2362.0,144700.0
2305,2580.0,87000.0
2306,3927.0,195600.0
2307,3927.0,195600.0
2308,9926.0,533800.0
2309,9926.0,533800.0
2310,8954.0,258500.0
2311,24900.0,792800.0
2312,27922.0,1796800.0
2314,1812.0000100000002,143500.0
2316,639.0,23900.0
2317,849.0,27300.0
2318,670.0,26500.0
2319,670.0,26500.0
2320,1073.80001,116100.0
2321,6614.0,248700.0
2322,6912.0,284100.0
2323,3540.0,189400.0
2324,1939.40001,153500.0
2325,7104.0,363900.0
2326,2429.0,192500.0
2327,3412.75,211400.0
2328,627.0,51600.0
2329,4187.25,263700.0
2330,3875.0,206400.0
2331,4200.0,221900.0
2332,8742.0,352900.0
2334,3636.0,175600.0
2335,2802.5,155900.0
2336,6534.0,244600.0
2338,3741.0,126700.0
2339,3735.0,125100.0
2340,12992.0,700000.0
2341,3311.0,169500.0
2342,3439.5,173600.0
2343,3439.5,173600.0
2344,3745.0,171800.0
2345,10055.52,532500.0
2346,1584.0,128700.0
2347,3726.0,194200.0
2348,6716.0,238800.0
2349,1498.0,97600.0
2350,4872.0,233900.0
2351,4872.0,233900.0
2352,5654.0,233900.0
2353,5654.0,233900.0
2354,12189.0,624600.0
2355,6048.0,101700.0
2356,6048.0,101700.0
2357,16822.0,963100.0
2358,16822.0,963100.0
2359,16822.0,963100.0
2360,3501.0,171300.0
2361,3501.0,171300.0
2362,3501.0,171300.0
2363,8463.0,468800.0
2364,10055.52,532500.0
2365,10055.52,532500.0
2366,10055.52,532500.0
2367,10055.52,532500.0
2368,5295.0,215900.0
2369,5295.0,215900.0
2370,5295.0,215900.0
2371,16048.0,575500.0
2372,16048.0,575500.0
2373,16048.0,575500.0
2374,16048.0,575500.0
2375,16048.0,575500.0
2376,16048.0,575500.0
2377,2235.0,134000.0
2378,8484.0,182800.0
2379,8484.0,182800.0
2380,3429.0,147100.0
2381,8463.0,468800.0
2382,3686.0,120900.0
2383,1230.0,111100.0
2384,2212.5,144700.0
2385,2445.0,86100.0
2386,1536.0,122300.0
2387,1536.0,122300.0
2388,5427.5,205700.0
2389,5427.5,205700.0
2390,3012.0,209500.0
2391,1254.0,145000.0
2392,3780.0000200000004,292500.0
2393,3798.5,201200.0
2394,4185.25,139900.0
2395,1490.0,208700.0
2396,4594.0,336500.0
2397,2316.00001,220200.0
2398,2042.40001,134000.0
2400,5883.25,197300.0
2401,3225.0,202300.0
2402,2595.0,204300.0
2403,923.0,72700.0
2404,1198.0,109700.0
2405,1131.0,99900.0
2406,896.0,77300.0
2407,649.0,56700.0
2408,923.0,73200.0
2409,896.0,84200.0
2410,566.0,49900.0
2411,1157.0,103700.0
2412,888.0,72100.0
2413,3760.00001,381700.0
2414,3115.0,331400.0
2415,3541.5,385800.0
2416,4262.5,278100.0
2417,5226.5,443500.0
2418,2926.5,315500.0
2419,3412.5,253900.0
2420,4195.25,303200.0
2421,4075.0,278500.0
2422,3976.5,252000.0
2423,3089.60001,365100.0
2424,4740.4,488700.0
2425,4740.4,488700.0
2426,4114.0,475300.0
2427,5591.0,379400.0
2428,5591.0,379400.0
2429,4435.25,452200.0
2430,7482.0,746300.0
2431,711.0,61400.0
2432,1171.0,107800.0
2433,873.0,79000.0
2434,1161.0,151700.0
2435,7195.5,277100.0
2436,3160.0,480400.0
2437,10889.0,551200.0
2438,8958.0,270200.0
2439,1234.0,82200.0
2440,1610.0,92300.0
2441,1784.0,53900.0
2442,1784.0,53900.0
2443,18430.0,1436800.0
2444,7512.0,464700.0
2445,5273.0,250000.0
2446,10010.0,250000.0
2447,5670.0,295900.0
2448,821.0,30000.0
2449,735.0,29300.0
2450,745.0,25100.0
2452,881.0,117800.0
2453,4954.00001,247000.0
2454,12480.0,994900.0
2455,3942.5,190200.0
2456,1776.0000100000002,125200.0
2457,8988.0,365800.0
2458,3387.0,168500.0
2459,2380.0,145700.0
2460,3587.5,175800.0
2461,4767.5,201700.0
2462,5349.0,588000.0
2463,3325.9000100000003,375000.0
2464,4765.0,475000.0
2465,4335.00001,450000.0
2466,5298.0,495000.0
2467,6872.5,925000.0
2468,4250.38,629300.0
2469,3818.0,535000.0
2470,4685.00001,541600.0
2471,2652.0,448000.0
2472,2236.0,347200.0
2473,3016.08,382000.0
2474,3360.4000100000003,465900.0
2475,3585.0,253400.0
2476,2726.0,309200.0
2477,12804.0,647000.0
2478,2184.75,258800.0
2479,2706.5,150800.0
2480,4197.0,228500.0
2481,2531.0,540000.0
2482,2429.0,192500.0
2483,627.0,51600.0
2484,4187.25,263700.0
2485,3875.0,206400.0
2486,3875.0,206400.0
2487,3875.0,206400.0
2488,4200.0,221800.0
2489,2208.0,134800.0
2490,2208.0,134800.0
2491,2208.0,134800.0
2492,2208.0,134800.0
2493,2184.0,157500.0
2494,3636.0,175600.0
2495,2802.5,155900.0
2496,2802.5,155900.0
2497,1263.0,115100.0
2498,2609.75,169900.0
2499,1680.0,101400.0
2500,3237.5,187000.0
2501,3439.5,173600.0
2502,9576.0,333400.0
2503,10055.52,532500.0
2504,10055.52,532500.0
2505,10055.52,532500.0
2506,10055.52,532500.0
2507,10055.52,532500.0
2508,10055.52,532500.0
2509,10055.52,532500.0
2510,5295.0,215900.0
2511,5295.0,215900.0
2512,5295.0,215900.0
2513,16048.0,575500.0
2514,16048.0,575500.0
2515,16048.0,575500.0
2516,16048.0,575500.0
2517,16048.0,575500.0
2518,16048.0,575500.0
2519,2235.0,134000.0
2520,8484.0,182800.0
2521,8484.0,182800.0
2522,2329.5,152100.0
2523,3489.25,144000.0
2524,3489.25,144000.0
2525,3314.5,169000.0
2526,1152.0,48600.0
2527,1152.0,48600.0
2528,1152.0,48600.0
2529,1770.9,129300.0
2530,601.0,21300.0
2531,562.0,20000.0
2532,601.0,21300.0
2533,574.0,20400.0
2534,601.0,21300.0
2535,574.0,20400.0
2536,574.0,20400.0
2537,6765.0,298900.0
2538,910.0,83800.0
2539,849.0,37600.0
2540,620.0,22000.0
2541,2290.0,132300.0
2542,650.0,19700.0
2543,650.0,19700.0
2544,930.0,29200.0
2545,5478.0,184700.0
2546,3726.0,167300.0
2547,2368.0,166300.0
2548,11775.0,138436.0
2549,2160.0,60400.0
2550,2160.0,60400.0
2551,5211.0,205200.0
2552,4575.0,194800.0
2553,3361.0,158500.0
2554,4092.0,181200.0
2555,1702.0,140900.0
2556,18807.0,744000.0
2557,5832.0,270700.0
2559,2729.2,142000.0
2560,2042.40001,134000.0
2561,2042.40001,134000.0
2562,2042.40001,134000.0
2563,3795.0,179500.0
2564,5883.25,197300.0
2565,4021.92,215800.0
2566,3540.0,192000.0
2567,896.0,77300.0
2568,888.0,72100.0
2569,896.0,77300.0
2570,923.0,72700.0
2571,765.0,62900.0
2572,869.0,77500.0
2573,888.0,77900.0
2574,888.0,79300.0
2575,1161.0,108800.0
2576,873.0,79000.0
2577,1161.0,151700.0
2578,714.0,99400.0
2579,6491.0,425900.0
2582,8958.0,270200.0
2583,675.0,39800.0
2584,690.0,40600.0
2585,690.0,40600.0
2586,1234.0,82200.0
2587,1610.0,92300.0
2588,4032.0,84300.0
2589,3474.0,147200.0
2590,3608.0,232200.0
2591,4974.0,211500.0
2592,3426.55,155600.0
2593,5388.0,194900.0
2594,5388.0,194900.0
2595,5388.0,194900.0
2596,9036.0,350000.0
2597,2726.5,169000.0
2598,4944.0,208500.0
2599,4392.0,139500.0
2600,4392.0,139500.0
2601,2392.5,130100.0
2602,1610.0,92300.0
2603,26336.0,1159000.0
2604,7956.0,464700.0
2605,2307.25,89200.0
2606,2650.0,134000.0
2607,2480.0,160000.0
2608,2871.0,226700.0
2609,2871.0,226700.0
2610,4658.75,206600.0
2613,21560.0,705200.0
2614,8118.0,432300.0
2615,4473.0,193300.0
2616,3888.0,103400.0
2617,2985.0,159700.0
2618,2802.5,158700.0
2619,3924.0,97900.0
2620,2112.0,118900.0
2621,4059.0,161100.0
2622,1120.0,44700.0
2623,578.0,19800.0
2624,1092.0,29300.0
2625,4299.0,325600.0
2626,34206.0,1117600.0
2627,4680.0,197600.0
2628,4263.0,167100.0
2629,715.0,29200.0
2630,2442.0,118700.0
2631,821.0,30000.0
2632,735.0,29300.0
2633,735.0,29300.0
2634,735.0,29300.0
2635,705.0,24800.0
2636,719.0,24900.0
2637,1650.0,86900.0
2638,4954.00001,247000.0
2640,3202.0,169800.0
2641,8988.0,365800.0
2642,3265.0,176200.0
2643,3945.0,191300.0
2644,1152.0,48600.0
2645,4767.5,201700.0
2646,3377.0,159000.0
2647,3399.0,152800.0
2648,1560.0,147400.0
2650,3349.5,168200.0
2651,3470.0,206800.0
2652,4407.0,188700.0
2653,8960.9,625000.0
2654,8960.9,625000.0
2655,8960.9,625000.0
2658,3822.0,151800.0
2659,2616.0,129500.0
2660,2616.0,129500.0
2661,4023.0,102800.0
2662,4275.0,179100.0
2663,4416.0,206700.0
2664,5781.0,217500.0
2665,1336.0,98000.0
2666,2732.0,214300.0
2667,2732.0,214300.0
2668,4134.0,186900.0
2669,4329.0,194200.0
2670,5150.75,153400.0
2671,5150.75,153400.0
2672,5150.75,153400.0
2673,2838.0,123500.0
2674,1152.0,48600.0
2675,1152.0,48600.0
2676,1152.0,48600.0
2677,1152.0,48600.0
2678,1152.0,48600.0
2679,1152.0,48600.0
2680,625.0,25500.0
2681,3309.60001,197400.0
2682,579.0,20500.0
2683,574.0,20400.0
2684,574.0,20400.0
2685,579.0,20500.0
2686,578.0,20500.0
2687,562.0,20000.0
2688,562.0,20000.0
2689,2937.0,59202.0
2690,743.0,32100.0
2691,600.0,21400.0
2692,3798.0,155900.0
2693,3369.0,171900.0
2694,2947.0,135100.0
2695,681.0,44800.0
2697,12000.0,88000.0
2698,3685.5,179200.0
2699,4642.0,277700.0
2700,970.0,35200.0
2702,970.0,74000.0
2703,8720.0,285100.0
2704,18276.0,570400.0
2705,4206.0,125500.0
2706,11382.0,427800.0
2707,800.0,83300.0
2709,1328.0,104000.0
2710,950.0,92600.0
2711,1181.0,97300.0
2714,1360.0,103800.0
2715,1659.0,72200.0
2716,972.0,42300.0
2717,3236.0,115400.0
2718,3573.0,153700.0
2719,1680.0,112500.0
2720,1680.0,112500.0
2721,12346.0,528900.0
2722,2730.0,146500.0
2723,14873.0,711700.0
2724,5202.0,181100.0
2725,5544.0,148200.0
2726,5544.0,148200.0
2727,4371.0,185100.0
2728,5354.0,381600.0
2729,2985.5,150200.0
2730,6960.0,216100.0
2731,4092.0,175100.0
2732,7224.0,295900.0
2733,1120.0,55200.0
2737,1500.0,167500.0
2739,18446.0,672800.0
2746,9005.0,360200.0
2749,794.0,145900.0
2750,794.0,150200.0
2751,809.0,150800.0
2752,809.0,158800.0
2753,809.0,152300.0
2754,433.0,98000.0
2755,1927.0,256400.0
2756,6721.0,332100.0
2757,3426.55,155600.0
2758,4329.0,185800.0
2759,6876.0,250400.0
2760,2726.5,169000.0
2761,2187.5,160900.0
2762,3849.0,177700.0
2764,1092.0,29300.0
2765,578.0,19800.0
2766,4176.0,118000.0
2767,3120.0,141100.0
2768,794.0,193500.0
2769,1133.0,220000.0
2770,794.0,195000.0
2771,1133.0,219800.0
2772,1133.0,219800.0
2773,1258.0,239300.0
2783,4143.0,164900.0
2784,517.0,21900.0
2785,17276.0,639400.0
2786,2800.0,185300.0
2787,2442.0,106900.0
2788,2442.0,106900.0
2789,3952.5,91900.0
2790,3247.5,193600.0
2791,8640.0,353200.0
2792,3822.0,151800.0
2793,9973.0,401900.0
2794,2616.0,129500.0
2795,3012.5,179200.0
2796,3012.5,179200.0
2797,2732.0,216800.0
2798,3996.0,145800.0
2799,3996.0,145800.0
2800,1104.0,108800.0
2801,740.0,73400.0
2804,919.0,87100.0
2805,1084.0,146500.0
2806,1042.0,130100.0
2807,928.0,140100.0
2808,1986.0,214600.0
2809,1167.0,149100.0
2811,10335.0,450000.0
2812,3390.75,98400.0
2813,2911.25,171800.0
2814,8800.0,377100.0
2815,681.0,44800.0
2816,681.0,44800.0
2817,681.0,44800.0
2819,4642.0,277700.0
2820,1053.0,72500.0
2821,16857.0,350000.0
2822,7884.0,213900.0
2823,665.0,47100.0
2825,1328.0,104000.0
2826,1176.0,101400.0
2827,700.0,64400.0
2828,1585.0,108000.0
2829,1181.0,97300.0
2830,1190.0,102600.0
2833,1050.0,91400.0
2834,958.0,98200.0
2835,120287.0,1614639.0
2840,24341.0,1997900.0
2841,15592.0,1279800.0
2842,15793.0,1296300.0
2843,16892.0,1386500.0
2844,5425.0,110000.0
2845,1130.0,22900.0
2846,4184.0,84800.0
2847,7587.0,255200.0
2848,824.0,53600.0
2849,824.0,53600.0
2855,1500.0,167500.0
2861,12540.0,71900.0
2863,1716.0,83700.0
2864,3900.0,280000.0
2866,805.0,144900.0
2867,86017.0,1703100.0
2868,3477.0,138300.0
2869,4922.60003,495100.0
2870,3853.0,470000.0
2871,1056.0,116900.0
2872,1344.0,126900.0
2873,1300.0,125400.0
2874,1300.0,125400.0
2875,1224.00001,99600.0
2876,2246.4000100000003,146400.0
2877,1317.0,82600.0
2878,1317.0,82600.0
2879,1920.0,146600.0
2880,1109.80001,129900.0
2881,1109.80001,126300.0
2882,1051.0,125800.0
2883,894.0,151000.0
2884,894.0,151000.0
2885,546.0,116100.0
2886,805.0,150600.0
2887,1133.0,174200.0
2888,433.0,98900.0
2889,809.0,156600.0
2890,1258.0,239300.0
2891,2276.0,291200.0
2892,1234.0,103100.0
2903,1015.0,122500.0
2904,1450.0,124100.0
2905,1530.25,135800.0
2906,1530.25,135800.0
2907,1536.0,110600.0
2908,1330.5,137000.0
2909,1156.0,126300.0
2910,1368.0,130200.0
2911,1260.0,131600.0
2912,1440.0,90900.0
2913,1380.0,126900.0
2914,1698.0,122800.0
2915,1248.0,125900.0
2916,1248.00001,115900.0
2917,1568.0,140300.0
2918,1896.0,137400.0
2919,1644.0,133800.0
2921,1224.0,127900.0
2922,742.0,72700.0
2923,903.0,105000.0
2924,675.0,89200.0
2925,1000.0,235300.0
2926,3666.0,159600.0
2928,1120.0,122800.0
2929,3958.75,205800.0
2930,3432.0,163500.0
2931,3458.5,161400.0
2932,2852.0,80000.0
2933,4416.0,109600.0
2934,2990.0,165100.0
2935,2990.0,165100.0
2936,3050.0,152700.0
2937,2760.0,162700.0
2938,2800.0,164500.0
2939,2800.0,164500.0
2940,3912.0,182600.0
2941,1386.0,127000.0
2942,1386.0,127000.0
2943,1518.0,173900.0
2944,1028.0,142800.0
2945,1173.0,118200.0
2946,1096.0,116200.0
2948,120287.0,1614639.0
2950,15623.0,1282300.0
2951,11154.0,915500.0
2952,10863.0,891600.0
2953,3887.0,78800.0
2954,82587.0,1635200.0
2955,1250.0,40100.0
2956,3480.0,152600.0
2957,3477.0,138300.0
2960,1056.0,116900.0
2961,1056.0,116900.0
2962,1039.0,122000.0
2963,1826.0,138200.0
2964,900.0,91400.0
2965,900.0,91400.0
2966,1317.0,82600.0
2967,965.0,122400.0
2968,1920.0,146600.0
2969,1406.0,142400.0
2970,1384.0,123100.0
2971,1015.0,122500.0
2972,1015.0,122500.0
2973,1450.0,124100.0
2974,1536.0,110600.0
2975,1568.0,170800.0
2976,1102.5,124000.0
2977,1102.5,124000.0
2978,1368.0,130200.0
2979,900.0,107400.0
2980,1440.0,90900.0
2981,1780.0,160800.0
2982,1245.0,108600.0
2983,935.0,111700.0
2984,3864.0,178500.0
2985,10509.0,501400.0
2986,9078.0,342500.0
2987,2497.5,136400.0
2988,1685.2,126500.0
2989,3461.0,162200.0
2990,3885.0,171900.0
2991,3723.0,172900.0
2992,1659.5,130300.0
2993,4080.0,172200.0
2994,4080.0,172200.0
2995,4080.0,193700.0
2996,4080.0,193700.0
2997,3023.5,162100.0
2998,3035.5,157300.0
2999,1688.0,135000.0
3000,1688.0,135000.0
3001,3088.0,185000.0
3002,2800.0,179600.0
3003,2800.0,179600.0
3004,1094.0,123900.0
3005,3024.0,181500.0
3006,3582.0,229000.0
3007,3136.0,179500.0
3008,2912.0,179500.0
3009,2756.0,178900.0
3010,4513.60002,188800.0
3011,2206.0,145700.0
3012,3360.00001,194800.0
3013,2932.80001,189200.0
3014,1273.0,116200.0
3015,2600.0,173100.0
3016,2374.0,171200.0
3017,1644.0,133800.0
3018,1644.0,133800.0
3019,900.0,118500.0
3020,900.0,118500.0
3021,1241.0,126100.0
3022,1439.0,139700.0
3023,1890.0,293200.0
3024,3958.75,205800.0
3025,3744.0,180600.0
3026,2990.0,165100.0
3027,2990.0,165100.0
3028,2090.0,131600.0
3029,1822.0,152000.0
3030,3912.0,182600.0
3031,1386.0,127000.0
3032,2800.80001,175300.0
3033,3744.0,168800.0
3034,1092.0,97400.0
3035,4050.0,186900.0
3036,3523.25,170000.0
3037,3928.0,175500.0
3038,1298.0,109000.0
3039,2686.0,187200.0
3040,3107.0,150700.0
3041,1228.0,88500.0
3042,2666.0,178900.0
3043,3234.80001,182300.0
3044,1632.0,120200.0
3045,1312.0,130900.0
3046,1344.0,121200.0
3047,1984.2000100000002,144300.0
3048,1152.0,124500.0
3049,1188.0,111600.0
3050,3210.00001,178800.0
3051,3737.5,185800.0
3052,3737.5,185800.0
3053,3864.0,178500.0
3054,10509.0,501400.0
3055,10509.0,501400.0
3056,9078.0,155900.0
3057,3355.0,162100.0
3058,3355.0,162100.0
3059,2464.0,212100.0
3060,3461.0,162200.0
3061,3741.0,145000.0
3062,3723.0,172900.0
3063,4080.0,155800.0
3064,13166.5,425000.0
3065,3240.0,162000.0
3066,1932.0,141600.0
3067,3898.80002,198300.0
3068,1285.20001,116500.0
3069,1224.0,133800.0
3070,1224.0,133800.0
3071,3447.0,159400.0
3072,1532.0,131900.0
3073,1532.0,131900.0
3074,1382.0,122100.0
3075,1382.0,122100.0
3076,1428.0,120600.0
3077,978.00001,107200.0
3078,767.0,115700.0
3079,3080.0,179600.0
3080,1632.0,132300.0
3081,2240.0,155500.0
3082,2240.0,155500.0
3083,2240.0,155500.0
3084,900.0,112900.0
3085,986.0,101400.0
3086,2716.0,170600.0
3087,1191.40001,106200.0
3088,672.0,82000.0
3089,1120.0,104900.0
3090,1274.0,135400.0
3091,2733.5,175100.0
3092,1938.0,139600.0
3093,1938.0,133900.0
3094,1075.20001,97800.0
3095,1008.00001,97100.0
3096,4078.0,139000.0
3097,4078.0,139000.0
3098,1598.8,116300.0
3099,2760.5,137300.0
3100,2856.0,131700.0
3101,3110.4000100000003,159100.0
3102,3024.0,183400.0
3103,3024.0,183400.0
3104,2912.0,179500.0
3105,1834.0,143200.0
3106,3249.4000100000003,153900.0
3107,2932.80001,189200.0
3108,2600.0,173100.0
3109,1332.0,132300.0
3110,2284.0,171400.0
3111,2708.0,178500.0
3112,1152.0,99900.0
3113,4050.0,186900.0
3114,3230.4000100000003,200700.0
3115,3523.25,170000.0
3116,1568.0,139800.0
3117,3001.0,169300.0
3118,3894.5,159400.0
3119,2505.60001,149000.0
3120,2481.60001,152200.0
3121,1870.0,150800.0
3122,4311.25,146700.0
3123,4311.25,146700.0
3124,3067.5,156800.0
3125,5766.0,184700.0
3126,3648.75,78500.0
3127,3648.75,78500.0
3128,3368.75,30600.0
3129,4262.5,70900.0
3130,3738.0,81500.0
3131,2985.5,135100.0
3132,4225.5,115200.0
3133,3932.5,132900.0
3134,4398.0,165200.0
3135,3963.0,159700.0
3136,3810.5,169300.0
3137,3241.5,142400.0
3138,2423.0,132700.0
3139,2423.0,132700.0
3140,1773.0000100000002,49300.0
3141,2928.75,140000.0
3142,2884.0,144000.0
3143,1928.0,131100.0
3144,2482.0,90000.0
3145,2539.5,150600.0
3146,3132.0,172100.0
3147,2500.0,146000.0
3148,1940.0000100000002,113100.0
3149,1150.0,41000.0
3150,3696.0,167000.0
3151,4040.0,154200.0
3152,4039.75,168200.0
3153,1298.0,109000.0
3154,1298.0,109000.0
3155,1530.0,126800.0
3156,1530.0,126800.0
3157,1050.00001,104800.0
3158,1050.00001,101700.0
3159,1476.0,134600.0
3160,2962.5,181200.0
3161,1500.0,159500.0
3162,1500.0,159500.0
3163,1600.0,136000.0
3165,2666.0,178900.0
3166,2869.00001,175300.0
3167,4410.0,198400.0
3168,1350.0,117200.0
3169,2548.0,216900.0
3170,1152.0,124500.0
3171,1152.0,124500.0
3172,1285.20001,116500.0
3173,1580.0,163400.0
3174,1486.0,127300.0
3175,1486.0,127300.0
3176,1382.0,122100.0
3177,1480.0,126000.0
3178,1046.0,124900.0
3179,2991.60001,105300.0
3180,1638.0,136900.0
3181,1182.0,100100.0
3182,1116.5,114300.0
3183,1226.0,73800.0
3184,2392.0,172200.0
3185,2560.0,150400.0
3186,2560.0,150400.0
3187,986.0,101400.0
3189,5742.0,190300.0
3190,4559.0,180200.0
3191,4559.0,180200.0
3192,3367.0,137200.0
3193,3573.0,100000.0
3194,4116.0,177000.0
3195,3978.0,67900.0
3196,8238.0,300000.0
3197,3558.5,167200.0
3198,4181.5,175900.0
3199,2840.5,133700.0
3200,4066.6000200000003,169600.0
3201,4387.5,175000.0
3202,2858.0,132000.0
3203,4365.0,171000.0
3204,4200.0,162000.0
3206,9993.0,354500.0
3207,1075.20001,113600.0
3208,1120.0,104900.0
3209,1120.0,104900.0
3210,2464.0,187600.0
3211,3249.60001,161000.0
3212,1574.0,120800.0
3213,1120.0,105600.0
3214,1120.0,105600.0
3215,1120.0,105600.0
3216,1664.0,132200.0
3217,1664.0,132200.0
3218,1075.20001,103800.0
3219,2014.0,121900.0
3220,1664.0,126700.0
3221,1008.00001,104500.0
3222,1008.00001,104500.0
3223,1260.0,102100.0
3224,3849.0,194200.0
3225,3535.0,204200.0
3226,3532.75,142900.0
3227,3306.75,157200.0
3228,3726.0,145500.0
3229,2925.0,138000.0
3230,762.0,20200.0
3231,1130.0,40500.0
3232,1076.0,40500.0
3233,3968.75,142000.0
3234,3968.75,142000.0
3235,3968.75,142000.0
3236,3696.0,158200.0
3237,1190.00001,103800.0
3238,2432.0,195900.0
3239,4078.0,139000.0
3240,4078.0,139000.0
3241,1467.0,123500.0
3242,3517.25,146400.0
3243,1598.8,116300.0
3244,2760.5,137300.0
3245,2760.5,137300.0
3246,2760.5,137300.0
3247,1930.0,166300.0
3248,1930.0,166300.0
3249,2470.0,149400.0
3250,1924.3000100000002,158400.0
3251,1820.0,126600.0
3252,1870.0,150800.0
3253,2202.0,150600.0
3254,2082.0,155800.0
3255,1847.5,83100.0
3256,3398.0,138100.0
3257,3398.0,150500.0
3258,3509.0,156300.0
3259,1364.0,103000.0
3260,3715.25,208400.0
3261,2076.0,121000.0
3262,3657.0,129800.0
3263,2940.0,188900.0
3264,1326.0,96600.0
3265,2600.0,122200.0
3266,2600.0,122200.0
3267,4027.5,176600.0
3268,4190.75,250700.0
3269,1960.0,125800.0
3270,2058.0,95100.0
3271,2240.0,160100.0
3272,3392.0,198400.0
3273,3888.0,147200.0
3274,5832.0,176000.0
3275,5832.0,176000.0
3277,2985.5,135100.0
3278,3400.0,145500.0
3279,7860.0,40300.0
3280,4609.0,171400.0
3281,3701.0,150900.0
3282,2884.0,144000.0
3283,3221.75,130900.0
3284,3581.5,158100.0
3285,3581.5,158100.0
3286,3443.0,155300.0
3287,1883.0,115300.0
3289,4040.0,154200.0
3290,4004.0,67900.0
3291,4057.0,132100.0
3292,3903.5,115600.0
3293,1972.0,107700.0
3294,1260.0,84600.0
3295,2902.0,144300.0
3296,3726.0,145600.0
3297,3432.0,32300.0
3298,3432.0,32300.0
3299,2110.0,128000.0
3300,3794.0,159000.0
3301,3628.0,186900.0
3302,3628.0,186900.0
3303,5841.0,180000.0
3304,3821.0,109200.0
3305,3222.0,136900.0
3306,2874.0,90700.0
3307,1656.0,97700.0
3308,865.0,25800.0
3309,2466.75,110000.0
3311,1680.0,147900.0
3312,4308.25,165400.0
3313,2840.5,133700.0
3314,3803.25,158200.0
3315,3791.25,140400.0
3316,10575.0,514300.0
3317,2620.0,153100.0
3318,3836.25,161900.0
3319,4200.0,160600.0
3320,3535.0,204200.0
3321,3849.0,198600.0
3322,5985.0,176000.0
3323,2966.0,149800.0
3324,3852.0,62000.0
3325,832.0,46800.0
3326,3888.0,147800.0
3327,4660.0,121200.0
3328,3639.0,180500.0
3329,2128.0,131800.0
3330,2778.0,64600.0
3331,3645.0,150300.0
3332,10368.0,435000.0
3333,3588.0,106100.0
3334,1467.0,43700.0
3335,3375.0,130300.0
3336,1747.2000100000002,140000.0
3337,4800.0,71600.0
3339,5742.0,88800.0
3340,6480.0,76600.0
3341,1099.0,32500.0
3342,1489.0,36500.0
3343,1182.0,37600.0
3344,1076.0,40500.0
3345,3968.75,142000.0
3346,7215.0,172400.0
3347,3402.0,73800.0
3348,3888.0,184200.0
3349,3888.0,184200.0
3350,1364.0,103000.0
3351,3693.0,128500.0
3352,3715.25,208400.0
3353,3804.0,130600.0
3354,3795.0,148500.0
3356,1272.0,44700.0
3357,3393.0,161200.0
3358,3393.0,161200.0
3359,2550.0,143000.0
3360,6870.0,174000.0
3361,1336.0,35000.0
3362,6465.0,172400.0
3363,6465.0,172400.0
3364,3517.25,155300.0
3365,3517.25,155300.0
3366,2988.00001,156100.0
3368,7278.0,211000.0
3369,3795.0,148500.0
3370,4500.0,188600.0
3371,3864.0,143300.0
3372,3864.0,143300.0
3373,1332.0,52200.0
3374,1326.0,96600.0
3375,3714.0,126300.0
3376,4027.5,176600.0
3377,2932.60001,114700.0
3378,3459.5,151900.0
3379,3082.0,156600.0
3380,3000.0,235400.0
3381,3485.0,147000.0
3382,3485.0,147000.0
3383,1666.0,123700.0
3384,1666.0,123700.0
3385,1073.80001,82100.0
3386,4200.0,178100.0
3387,3843.25,165100.0
3388,7002.0,211000.0
3390,3663.0,162400.0
3391,3663.0,162400.0
3392,3432.0,158000.0
3393,3887.0,192600.0
3395,5324.0,172400.0
3397,2770.60002,178300.0
3398,3912.0,165300.0
3399,4071.0,167800.0
3400,1075.20001,95200.0
3401,48813.0,1500000.0
3402,4200.0,161300.0
3403,4200.0,161300.0
3404,4032.0,152500.0
3405,1656.0,104900.0
3406,1656.0,104900.0
3407,3588.0,140300.0
3408,966.0,83400.0
3409,1972.0,123300.0
3410,3481.5,178200.0
3411,2308.0,111200.0
3413,3168.0,130100.0
3414,1260.0,84600.0
3415,3480.0,61000.0
3416,3726.0,145600.0
3417,4032.0,128700.0
3418,3744.0,143000.0
3419,3888.0,152600.0
3420,3744.0,148700.0
3421,3744.0,148700.0
3422,4050.0,150200.0
3423,3628.0,186900.0
3424,5742.0,35000.0
3425,7200.0,287300.0
3426,7665.66,187900.0
3427,2096.00001,107300.0
3428,2224.0,55000.0
3429,1946.40001,119200.0
3430,2553.60001,132500.0
3431,5702.0,192300.0
3435,3888.0,147800.0
3436,652.5,43200.0
3437,3752.0,161000.0
3438,4116.0,66900.0
3439,8160.0,326300.0
3440,2690.0,243400.0
3441,2160.0,168200.0
3442,1392.0,116600.0
3443,1452.0,126700.0
3444,3168.0,131700.0
3445,3292.5,117800.0
3446,3292.5,117800.0
3447,5916.0,179600.0
3448,1280.0,126200.0
3449,1280.0,126200.0
3450,6372.0,85600.0
3451,865.0,26900.0
3452,3666.0,156200.0
3453,2552.0,175800.0
3454,7437.0,187500.0
3455,1747.2000100000002,140000.0
3456,4800.0,71600.0
3457,5136.0,244700.0
3458,3849.0,210400.0
3459,5220.0,70700.0
3460,2980.0,145600.0
3461,35508.0,1572700.0
3462,884.0,33200.0
3463,2160.0,156500.0
3464,2160.0,156500.0
3465,3052.5,153300.0
3466,1390.0,110900.0
3467,2988.00001,156100.0
3468,3566.0,150500.0
3469,6504.0,8600.0
3470,4737.0,165100.0
3471,3915.0,163700.0
3472,1390.0,29700.0
3474,3582.0,62000.0
3475,3348.0,142300.0
3477,865.0,25900.0
3478,972.0,105900.0
3479,972.0,105900.0
3480,1075.20001,109400.0
3481,1209.6000099999999,113100.0
3482,3510.0,151000.0
3483,3338.5,137600.0
3484,3228.0,150500.0
3485,3228.0,150500.0
3486,3542.0,152800.0
3487,864.0,96400.0
3488,864.0,96400.0
3492,7278.0,50880.0
3493,3663.0,162400.0
3494,4589.5,31600.0
3495,1350.0,115300.0
3496,1350.0,115300.0
3497,3594.0,154700.0
3498,3594.0,154700.0
3500,4604.0,165700.0
3501,4448.0,107500.0
3502,4448.0,107500.0
3503,4302.0,56800.0
3504,864.0,101300.0
3505,2610.0,151000.0
3506,1941.0000100000002,130400.0
3507,1600.0,127500.0
3508,1116.0,94200.0
3509,1242.0,111000.0
3510,2288.0,157000.0
3512,5156.0,241200.0
3513,2546.0,131300.0
3514,1833.0,124200.0
3515,1232.0,136000.0
3516,34659.0,463100.0
3518,1825.0,226300.0
3519,1825.0,226300.0
3520,4419.0,189200.0
3521,4980.0,174000.0
3522,4071.0,167800.0
3523,1382.0,103200.0
3524,3480.0,106000.0
3525,3480.0,106000.0
3526,2160.0,168200.0
3527,2160.0,168200.0
3528,3672.0,198400.0
3529,1330.0,99100.0
3530,1330.0,99100.0
3531,1368.0,114800.0
3533,27788.0,355900.0
3534,5910.0,194300.0
3535,5910.0,194300.0
3537,3483.0,141100.0
3538,1350.0,85300.0
3539,1350.0,85300.0
3540,2392.0,165700.0
3541,2392.0,165700.0
3542,1368.0,116500.0
3543,3353.75,130100.0
3544,19972.41,799100.0
3545,5940.0,183300.0
3546,6161.0,198300.0
3547,1441.6000099999999,105900.0
3548,2698.0,135900.0
3549,560.0,37500.0
3550,1052.0,61600.0
3551,3433.0,147900.0
3552,2547.5,147400.0
3553,3961.0,162200.0
3554,7881.0,215000.0
3555,3391.5,152200.0
3556,6120.0,179600.0
3557,4320.0,181600.0
3558,4320.0,181600.0
3559,3640.0,151400.0
3560,3666.0,156200.0
3561,7561.0,238100.0
3562,1575.0,131200.0
3563,10047.0,101600.0
3564,3582.0,62000.0
3565,972.0,105900.0
3566,1075.20001,109400.0
3567,2252.0,175600.0
3568,1568.0,104400.0
3569,2502.0,197200.0
3570,8443.0,57900.0
3571,1588.0,365500.0
3576,1249.0,134500.0
3577,1392.0,128100.0
3578,1392.0,128100.0
3579,1392.0,125100.0
3580,1374.0,129100.0
3581,1392.0,130900.0
3582,5911.0,390500.0
3583,1480.0,124500.0
3584,3391.5,192600.0
3585,1006.25,86700.0
3586,2037.0,159400.0
3587,1470.0,140500.0
3588,1482.0,126600.0
3589,1580.0,136400.0
3590,912.0,106600.0
3591,1209.6000099999999,113100.0
3592,6606.0,194300.0
3593,3986.0,80900.0
3594,3676.0,140900.0
3595,8445.5,224100.0
3596,8445.5,224100.0
3597,3203.75,165800.0
3598,1075.20001,102100.0
3599,3744.0,166400.0
3600,6465.0,181900.0
3601,864.0,96400.0
3602,992.0,94300.0
3603,1456.0,149300.0
3604,1456.0,149300.0
3605,1116.0,94200.0
3606,1370.25,118900.0
3607,1242.0,111000.0
3609,1074.0,329800.0
3610,2812.80001,354000.0
3611,3041.00001,474400.0
3612,3041.00001,474400.0
3613,3141.80001,481000.0
3614,3446.80001,494600.0
3616,662.0,61900.0
3617,447.0,44900.0
3618,468.0,43100.0
3619,662.0,61900.0
3620,3918.0,152200.0
3621,1531.75,160900.0
3622,1531.0,160000.0
3623,1531.75,155600.0
3624,3117.5,190400.0
3632,6930.0,216800.0
3634,67977.0,491000.0
3635,1008.0,183600.0
3637,21754.0,312800.0
3638,1340.0,136600.0
3639,875.0,21000.0
3640,2236.0,158300.0
3641,2464.0,125900.0
3642,2548.0,84770.0
3643,34659.0,463100.0
3644,3723.0,157400.0
3645,3723.0,157400.0
3646,11720.0,214300.0
3648,1368.0,114800.0
3649,2185.0,113000.0
3650,33404.0,377400.0
3651,5910.0,194300.0
3652,1350.0,85000.0
3653,1350.0,85000.0
3654,3196.5,121900.0
3656,5940.0,202400.0
3659,875.0,21000.0
3660,875.0,21000.0
3661,875.0,21000.0
3662,93195.0,44600.0
3663,93195.0,44600.0
3664,376.0,33100.0
3665,396.0,34700.0
3666,400.0,35100.0
3668,48012.0,1915800.0
3669,1588.0,365500.0
3670,1588.0,365500.0
3671,1488.0,150800.0
3672,1392.0,130700.0
3673,1392.0,128100.0
3674,1442.0,127400.0
3676,1006.25,86700.0
3677,1470.0,140500.0
3678,1470.0,140500.0
3679,1470.0,140500.0
